code,term,dmd_id,dmd_type,bnf_code
36047011000001105,Insulin aspart 100units/ml solution for injection 10ml vials,36047011000001105,VMP,0601011A0AAAAAA
3468611000001108,Insulin aspart 100units/ml solution for injection 3ml cartridges,3468611000001108,VMP,0601011A0AAABAB
3468711000001104,Insulin aspart 100units/ml solution for injection 3ml pre-filled disposable devices,3468711000001104,VMP,0601011A0AAACAC
26655811000001102,Insulin aspart 100units/ml solution for injection 1.6ml cartridges,26655811000001102,VMP,0601011A0AAADAD
3280711000001103,NovoRapid 100units/ml solution for injection 10ml vials,3280711000001103,AMP,0601011A0BBAAAA
3279211000001105,NovoRapid Penfill 100units/ml solution for injection 3ml cartridges,3279211000001105,AMP,0601011A0BBABAB
3281611000001102,NovoRapid Novolet 100units/ml solution for injection,3281611000001102,AMP,0601011A0BBACAC
3282211000001106,NovoRapid FlexPen 100units/ml solution for injection 3ml pre-filled pens,3282211000001106,AMP,0601011A0BBADAC
19570211000001106,NovoRapid FlexTouch 100units/ml solution for injection 3ml pre-filled pens,19570211000001106,AMP,0601011A0BBAEAC
26209611000001109,NovoRapid PumpCart 100units/ml solution for injection 1.6ml cartridges,26209611000001109,AMP,0601011A0BBAFAD
34043011000001106,Fiasp FlexTouch 100units/ml solution for injection 3ml pre-filled pens,34043011000001106,AMP,0601011A0BCAAAC
34043211000001101,Fiasp Penfill 100units/ml solution for injection 3ml cartridges,34043211000001101,AMP,0601011A0BCABAB
34043411000001102,Fiasp 100units/ml solution for injection 10ml vials,34043411000001102,AMP,0601011A0BCACAA
39820211000001106,Trurapi 100units/ml solution for injection 3ml cartridges,39820211000001106,AMP,0601011A0BDAAAB
39820411000001105,Trurapi 100units/ml solution for injection 3ml pre-filled Solostar pens,39820411000001105,AMP,0601011A0BDABAC
40180811000001105,Trurapi 100units/ml solution for injection 10ml vials,40180811000001105,AMP,0601011A0BDACAA
36047511000001102,Insulin lispro 100units/ml solution for injection 1.5ml cartridges,36047511000001102,VMP,0601011L0AAAAAA
36047611000001103,Insulin lispro 100units/ml solution for injection 10ml vials,36047611000001103,VMP,0601011L0AAABAB
36047711000001107,Insulin lispro 100units/ml solution for injection 3ml cartridges,36047711000001107,VMP,0601011L0AAACAC
36047811000001104,Insulin lispro 100units/ml solution for injection 3ml pre-filled disposable devices,36047811000001104,VMP,0601011L0AAAFAF
28989711000001106,Insulin lispro 200units/ml solution for injection 3ml pre-filled disposable devices,28989711000001106,VMP,0601011L0AAAGAG
3282711000001104,Humalog 100units/ml solution for injection 1.5ml cartridges,3282711000001104,AMP,0601011L0BBAAAA
3280111000001104,Humalog 100units/ml solution for injection 10ml vials,3280111000001104,AMP,0601011L0BBABAB
3284311000001105,Humalog 100units/ml solution for injection 3ml cartridges,3284311000001105,AMP,0601011L0BBACAC
3278511000001102,Humalog Pen 100units/ml solution for injection 3ml pre-filled pens,3278511000001102,AMP,0601011L0BBAFAF
13877811000001105,Humalog KwikPen 100units/ml solution for injection 3ml pre-filled pens,13877811000001105,AMP,0601011L0BBAGAF
28926811000001100,Humalog KwikPen 200units/ml solution for injection 3ml pre-filled pens,28926811000001100,AMP,0601011L0BBAHAG
35216811000001101,Humalog Junior KwikPen 100units/ml solution for injection 3ml pre-filled pens,35216811000001101,AMP,0601011L0BBAIAF
40322211000001107,Humalog Tempo Pen 100units/ml solution for injection 3ml pre-filled pens,40322211000001107,AMP,0601011L0BBAJAF
35776411000001102,Insulin lispro Sanofi 100units/ml solution for injection 10ml vials,35776411000001102,AMP,0601011L0BCAAAB
35776511000001103,Insulin lispro Sanofi 100units/ml solution for injection 3ml cartridges,35776511000001103,AMP,0601011L0BCABAC
35776811000001100,Insulin lispro Sanofi 100units/ml solution for injection 3ml pre-filled pens,35776811000001100,AMP,0601011L0BCACAF
38501011000001104,Lyumjev KwikPen 200units/ml solution for injection 3ml pre-filled pens,38501011000001104,AMP,0601011L0BDAAAG
38456911000001105,Lyumjev 100units/ml solution for injection 10ml vials,38456911000001105,AMP,0601011L0BDABAB
38456111000001107,Lyumjev 100units/ml solution for injection 3ml cartridges,38456111000001107,AMP,0601011L0BDACAC
38465811000001104,Lyumjev KwikPen 100units/ml solution for injection 3ml pre-filled pens,38465811000001104,AMP,0601011L0BDADAF
38479611000001109,Lyumjev Junior KwikPen 100units/ml solution for injection 3ml pre-filled pens,38479611000001109,AMP,0601011L0BDAEAF
40322611000001109,Lyumjev Tempo Pen 100units/ml solution for injection 3ml pre-filled pens,40322611000001109,AMP,0601011L0BDAFAF
40031711000001108,Admelog 100units/ml solution for injection 3ml cartridges,40031711000001108,AMP,0601011L0BEAAAC
40032311000001100,Admelog 100units/ml solution for injection 10ml vials,40032311000001100,AMP,0601011L0BEABAB
40033011000001107,Admelog 100units/ml solution for injection 3ml pre-filled pens,40033011000001107,AMP,0601011L0BEACAF
36048111000001107,Insulin soluble bovine 100units/ml solution for injection 10ml vials,36048111000001107,VMP,0601011N0AAAAAA
36048711000001108,Insulin soluble porcine 100units/ml solution for injection 10ml vials,36048711000001108,VMP,0601011N0AAACAC
36048211000001101,Insulin soluble human 100units/ml solution for injection 1.5ml cartridges,36048211000001101,VMP,0601011N0AAADAD
36048311000001109,Insulin soluble human 100units/ml solution for injection 10ml vials,36048311000001109,VMP,0601011N0AAALAL
36048511000001103,Insulin soluble human 100units/ml solution for injection 3ml pre-filled disposable devices,36048511000001103,VMP,0601011N0AAAMAM
36048411000001102,Insulin soluble human 100units/ml solution for injection 3ml cartridges,36048411000001102,VMP,0601011N0AAAPAP
36048011000001106,Insulin soluble bovine 100units/ml solution for injection 1.5ml cartridges,36048011000001106,VMP,0601011N0AAATAT
3474611000001109,Insulin soluble porcine 100units/ml solution for injection 1.5ml cartridges,3474611000001109,VMP,0601011N0AAAUAU
36048611000001104,Insulin soluble human 100units/ml solution for injection 5ml vials,36048611000001104,VMP,0601011N0AAAWAW
4033311000001106,Insulin soluble bovine 100units/ml solution for injection 3ml cartridges,4033311000001106,VMP,0601011N0AAAYAY
4053711000001109,Insulin soluble porcine 100units/ml solution for injection 3ml cartridges,4053711000001109,VMP,0601011N0AAAZAZ
3271311000001101,Hypurin Bovine Neutral 100units/ml solution for injection 10ml vials,3271311000001101,AMP,0601011N0BCAAAA
3274011000001101,Hypurin Bovine Neutral 100units/ml solution for injection 1.5ml cartridges,3274011000001101,AMP,0601011N0BCADAT
3285011000001106,Hypurin Porcine Neutral 100units/ml solution for injection 10ml vials,3285011000001106,AMP,0601011N0BCAEAC
3283411000001101,Hypurin Porcine Neutral 100units/ml solution for injection 1.5ml cartridges,3283411000001101,AMP,0601011N0BCAFAU
4028811000001105,Hypurin Bovine Neutral 100units/ml solution for injection 3ml cartridges,4028811000001105,AMP,0601011N0BCAGAY
4034911000001109,Hypurin Porcine Neutral 100units/ml solution for injection 3ml cartridges,4034911000001109,AMP,0601011N0BCAHAZ
3312411000001103,Velosulin 100units/ml solution for injection 10ml vials,3312411000001103,AMP,0601011N0BFACAL
3312111000001108,Actrapid 100units/ml solution for injection 10ml vials,3312111000001108,AMP,0601011N0BFAEAL
3309511000001105,Human Actrapid Penfill 100units/ml solution for injection 1.5ml cartridges,3309511000001105,AMP,0601011N0BFAJAD
3288511000001106,Actrapid NovoLet 100units/ml solution for injection,3288511000001106,AMP,0601011N0BFAPAM
3310711000001105,Actrapid Penfill 100units/ml solution for injection 3ml cartridges,3310711000001105,AMP,0601011N0BFAQAP
3285611000001104,Pork Actrapid 100units/ml solution for injection 10ml vials,3285611000001104,AMP,0601011N0BFASAC
3312611000001100,Humulin S 100units/ml solution for injection 10ml vials,3312611000001100,AMP,0601011N0BHAAAL
3290411000001108,HumaJect S Pen 100units/ml solution for injection,3290411000001108,AMP,0601011N0BHACAM
3311311000001101,Humulin S 100units/ml solution for injection 3ml cartridges,3311311000001101,AMP,0601011N0BHADAP
3294911000001105,Insuman Rapid 100units/ml solution for injection 5ml vials,3294911000001105,AMP,0601011N0BKAAAW
3311611000001106,Insuman Rapid 100units/ml solution for injection 3ml cartridges,3311611000001106,AMP,0601011N0BKABAP
3291711000001105,Insuman Rapid 100units/ml solution for injection 3ml pre-filled OptiSet pens,3291711000001105,AMP,0601011N0BKACAM
36047211000001100,Insulin glulisine 100units/ml solution for injection 10ml vials,36047211000001100,VMP,0601011P0AAAAAA
9532111000001100,Insulin glulisine 100units/ml solution for injection 3ml cartridges,9532111000001100,VMP,0601011P0AAABAB
10097211000001102,Insulin glulisine 100units/ml solution for injection 3ml pre-filled disposable devices,10097211000001102,VMP,0601011P0AAACAC
9528811000001107,Apidra 100units/ml solution for injection 10ml vials,9528811000001107,AMP,0601011P0BBAAAA
9528311000001103,Apidra 100units/ml solution for injection 3ml cartridges,9528311000001103,AMP,0601011P0BBABAB
10093311000001103,Apidra 100units/ml solution for injection 3ml pre-filled OptiSet pens,10093311000001103,AMP,0601011P0BBACAC
10898411000001103,Apidra 100units/ml solution for injection 3ml OptiClik cartridges,10898411000001103,AMP,0601011P0BBADAB
12144611000001100,Apidra 100units/ml solution for injection 3ml pre-filled SoloStar pens,12144611000001100,AMP,0601011P0BBAEAC
10703011000001101,Insulin human 1mg inhalation powder blisters,10703011000001101,VMP,0601011Q0AAAAAA
10703111000001100,Insulin human 3mg inhalation powder blisters,10703111000001100,VMP,0601011Q0AAABAB
10690511000001105,Exubera 1mg inhalation powder blisters,10690511000001105,AMP,0601011Q0BBAAAA
10690811000001108,Exubera 3mg inhalation powder blisters,10690811000001108,AMP,0601011Q0BBABAB
15611411000001108,Insulin human 500units/ml solution for injection 20ml vials,15611411000001108,VMP,0601011R0AAABAB
28044911000001109,Insulin human 500units/ml solution for injection 20ml vials,28044911000001109,AMP,0601011R0AAABAB
18083911000001104,Insulin human 100units/ml solution for injection 3.15ml cartridges,18083911000001104,VMP,0601011R0AAACAC
13859411000001101,Insulin human 100units/ml solution for injection 10ml vials,13859411000001101,VMP,0601011R0AAADAD
15871011000001104,Insulin human 100units/ml solution for injection 10ml vials,15871011000001104,AMP,0601011R0AAADAD
35215111000001102,Insulin human 500units/ml solution for injection 3ml pre-filled disposable devices,35215111000001102,VMP,0601011R0AAAEAE
13850511000001105,Humulin R 100units/ml solution for injection 10ml vials,13850511000001105,AMP,0601011R0BBAAAD
15603111000001104,Humulin R 500units/ml solution for injection 20ml vials,15603111000001104,AMP,0601011R0BBABAB
18030311000001100,Insuman Infusat 100units/ml solution for injection 10ml vials,18030311000001100,AMP,0601011R0BCAAAD
18046311000001103,Insuman Infusat 100units/ml solution for injection 3.15ml cartridges,18046311000001103,AMP,0601011R0BDAAAC
35214311000001104,Humulin R KwikPen 500units/ml solution for injection 3ml pre-filled pens,35214311000001104,AMP,0601011R0BEAAAE
36630511000001105,Insulin glargine 100units/ml / Lixisenatide 33micrograms/ml solution for injection 3ml pre-filled disposable devices,36630511000001105,VMP,0601012ABAAAAAA
36630611000001109,Insulin glargine 100units/ml / Lixisenatide 50micrograms/ml solution for injection 3ml pre-filled disposable devices,36630611000001109,VMP,0601012ABAAABAB
36620611000001107,Suliqua 100units/ml / 33micrograms/ml solution for injection 3ml pre-filled SoloStar pens,36620611000001107,AMP,0601012ABBBAAAA
36618311000001109,Suliqua 100units/ml / 50micrograms/ml solution for injection 3ml pre-filled SoloStar pens,36618311000001109,AMP,0601012ABBBABAB
3471411000001109,Insulin isophane biphasic human 50/50 100units/ml suspension for injection 1.5ml cartridges,3471411000001109,VMP,0601012D0AAA2A2
3470111000001105,Insulin isophane biphasic human 20/80 100units/ml suspension for injection 3ml pre-filled disposable devices,3470111000001105,VMP,0601012D0AAA3A3
3471511000001108,Insulin isophane biphasic human 50/50 100units/ml suspension for injection 10ml vials,3471511000001108,VMP,0601012D0AAA4A4
3470711000001106,Insulin isophane biphasic human 30/70 100units/ml suspension for injection 10ml vials,3470711000001106,VMP,0601012D0AAAGAG
3472011000001108,Insulin isophane biphasic porcine 30/70 100units/ml suspension for injection 10ml vials,3472011000001108,VMP,0601012D0AAAIAI
3470511000001101,Insulin isophane biphasic human 30/70 100units/ml suspension for injection 1.5ml cartridges,3470511000001101,VMP,0601012D0AAAJAJ
3470011000001109,Insulin isophane biphasic human 20/80 100units/ml suspension for injection 3ml cartridges,3470011000001109,VMP,0601012D0AAAZAZ
3470911000001108,Insulin isophane biphasic human 30/70 100units/ml suspension for injection 3ml cartridges,3470911000001108,VMP,0601012D0AABABA
3471911000001101,Insulin isophane biphasic porcine 30/70 100units/ml suspension for injection 1.5ml cartridges,3471911000001101,VMP,0601012D0AABDBD
3469911000001105,Insulin isophane biphasic human 20/80 100units/ml suspension for injection 1.5ml cartridges,3469911000001105,VMP,0601012D0AABEBE
3471311000001102,Insulin isophane biphasic human 40/60 100units/ml suspension for injection 3ml pre-filled disposable devices,3471311000001102,VMP,0601012D0AABHBH
3469411000001102,Insulin isophane biphasic human 10/90 100units/ml suspension for injection 3ml cartridges,3469411000001102,VMP,0601012D0AABIBI
3469311000001109,Insulin isophane biphasic human 10/90 100units/ml suspension for injection 1.5ml cartridges,3469311000001109,VMP,0601012D0AABJBJ
3471211000001105,Insulin isophane biphasic human 40/60 100units/ml suspension for injection 3ml cartridges,3471211000001105,VMP,0601012D0AABKBK
3471111000001104,Insulin isophane biphasic human 40/60 100units/ml suspension for injection 1.5ml cartridges,3471111000001104,VMP,0601012D0AABLBL
3470411000001100,Insulin isophane biphasic human 25/75 100units/ml suspension for injection 5ml vials,3470411000001100,VMP,0601012D0AABMBM
3470211000001104,Insulin isophane biphasic human 25/75 100units/ml suspension for injection 3ml cartridges,3470211000001104,VMP,0601012D0AABNBN
3469511000001103,Insulin isophane biphasic human 10/90 100units/ml suspension for injection 3ml pre-filled disposable devices,3469511000001103,VMP,0601012D0AABQBQ
3469811000001100,Insulin isophane biphasic human 15/85 100units/ml suspension for injection 5ml vials,3469811000001100,VMP,0601012D0AABRBR
3469611000001104,Insulin isophane biphasic human 15/85 100units/ml suspension for injection 3ml cartridges,3469611000001104,VMP,0601012D0AABSBS
3471811000001106,Insulin isophane biphasic human 50/50 100units/ml suspension for injection 5ml vials,3471811000001106,VMP,0601012D0AABTBT
3471611000001107,Insulin isophane biphasic human 50/50 100units/ml suspension for injection 3ml cartridges,3471611000001107,VMP,0601012D0AABUBU
3469711000001108,Insulin isophane biphasic human 15/85 100units/ml suspension for injection 3ml pre-filled disposable devices,3469711000001108,VMP,0601012D0AABVBV
3470311000001107,Insulin isophane biphasic human 25/75 100units/ml suspension for injection 3ml pre-filled disposable devices,3470311000001107,VMP,0601012D0AABWBW
3471711000001103,Insulin isophane biphasic human 50/50 100units/ml suspension for injection 3ml pre-filled disposable devices,3471711000001103,VMP,0601012D0AABXBX
4033111000001109,Insulin isophane biphasic porcine 30/70 100units/ml suspension for injection 3ml cartridges,4033111000001109,VMP,0601012D0AABYBY
3471011000001100,Insulin isophane biphasic human 30/70 100units/ml suspension for injection 3ml pre-filled disposable devices,3471011000001100,VMP,0601012D0AABZBZ
3274811000001107,Humulin M3 100units/ml suspension for injection 10ml vials,3274811000001107,AMP,0601012D0BBACAG
3271011000001104,Humulin M5 100units/ml suspension for injection 10ml vials,3271011000001104,AMP,0601012D0BBAIA4
3272211000001102,HumaJect M3 Pen 100units/ml suspension for injection,3272211000001102,AMP,0601012D0BBAMBZ
3263611000001100,Humulin M2 100units/ml suspension for injection 3ml cartridges,3263611000001100,AMP,0601012D0BBARAZ
3273611000001105,Humulin M3 100units/ml suspension for injection 3ml cartridges,3273611000001105,AMP,0601012D0BBASBA
9437511000001101,Humulin M3 Pen 100units/ml suspension for injection 3ml pre-filled pens,9437511000001101,AMP,0601012D0BBAUBZ
17609511000001109,Humulin M3 KwikPen 100units/ml suspension for injection 3ml pre-filled pens,17609511000001109,AMP,0601012D0BBAVBZ
3267911000001102,Pork Mixtard 30 100units/ml suspension for injection 10ml vials,3267911000001102,AMP,0601012D0BCABAI
3275311000001104,Human Mixtard 30 Penfill 100units/ml suspension for injection 1.5ml cartridges,3275311000001104,AMP,0601012D0BCALAJ
3268711000001103,Human Mixtard 10 Penfill 100units/ml suspension for injection 1.5ml cartridges,3268711000001103,AMP,0601012D0BCAMBJ
3267811000001107,Human Mixtard 20 Penfill 100units/ml suspension for injection 1.5ml cartridges,3267811000001107,AMP,0601012D0BCANBE
3285511000001103,Human Mixtard 40 Penfill 100units/ml suspension for injection 1.5ml cartridges,3285511000001103,AMP,0601012D0BCAPBL
3273411000001107,Human Mixtard 50 Penfill 100units/ml suspension for injection 1.5ml cartridges,3273411000001107,AMP,0601012D0BCAQA2
3270511000001100,Mixtard 30 NovoLet 100units/ml suspension for injection,3270511000001100,AMP,0601012D0BCARBZ
3269711000001107,Mixtard 10 NovoLet 100units/ml suspension for injection,3269711000001107,AMP,0601012D0BCASBQ
3266111000001103,Mixtard 20 NovoLet 100units/ml suspension for injection,3266111000001103,AMP,0601012D0BCATA3
3272011000001107,Mixtard 40 NovoLet 100units/ml suspension for injection,3272011000001107,AMP,0601012D0BCAUBH
3278311000001108,Mixtard 50 NovoLet 100units/ml suspension for injection,3278311000001108,AMP,0601012D0BCAVBX
3275011000001102,Mixtard 30 100units/ml suspension for injection 10ml vials,3275011000001102,AMP,0601012D0BCAWAG
3270611000001101,Human Mixtard 50 100units/ml suspension for injection 10ml vials,3270611000001101,AMP,0601012D0BCAXA4
3264711000001106,Mixtard 10 Penfill 100units/ml suspension for injection 3ml cartridges,3264711000001106,AMP,0601012D0BCAYBI
3264411000001100,Mixtard 20 Penfill 100units/ml suspension for injection 3ml cartridges,3264411000001100,AMP,0601012D0BCAZAZ
3273111000001102,Mixtard 30 Penfill 100units/ml suspension for injection 3ml cartridges,3273111000001102,AMP,0601012D0BCBABA
3281211000001104,Mixtard 40 Penfill 100units/ml suspension for injection 3ml cartridges,3281211000001104,AMP,0601012D0BCBBBK
3272811000001101,Mixtard 50 Penfill 100units/ml suspension for injection 3ml cartridges,3272811000001101,AMP,0601012D0BCBCBU
3271611000001106,Mixtard 30 InnoLet 100units/ml suspension for injection 3ml pre-filled pens,3271611000001106,AMP,0601012D0BCBDBZ
3266811000001105,Hypurin Porcine 30/70 Mix 100units/ml suspension for injection 10ml vials,3266811000001105,AMP,0601012D0BEAGAI
3277711000001106,Hypurin Porcine 30/70 Mix 100units/ml suspension for injection 1.5ml cartridges,3277711000001106,AMP,0601012D0BEAHBD
4029411000001100,Hypurin Porcine 30/70 Mix 100units/ml suspension for injection 3ml cartridges,4029411000001100,AMP,0601012D0BEAIBY
3263011000001107,Insuman Comb 25 100units/ml suspension for injection 5ml vials,3263011000001107,AMP,0601012D0BGAABM
3264111000001105,Insuman Comb 25 100units/ml suspension for injection 3ml cartridges,3264111000001105,AMP,0601012D0BGABBN
3271711000001102,Insuman Comb 15 100units/ml suspension for injection 5ml vials,3271711000001102,AMP,0601012D0BGACBR
3273911000001104,Insuman Comb 15 100units/ml suspension for injection 3ml cartridges,3273911000001104,AMP,0601012D0BGADBS
3274511000001109,Insuman Comb 50 100units/ml suspension for injection 5ml vials,3274511000001109,AMP,0601012D0BGAEBT
3272411000001103,Insuman Comb 50 100units/ml suspension for injection 3ml cartridges,3272411000001103,AMP,0601012D0BGAFBU
3270211000001103,Insuman Comb 15 100units/ml suspension for injection 3ml pre-filled OptiSet pens,3270211000001103,AMP,0601012D0BGAGBV
3259811000001109,Insuman Comb 25 100units/ml suspension for injection 3ml pre-filled OptiSet pens,3259811000001109,AMP,0601012D0BGAHBW
3278611000001103,Insuman Comb 50 100units/ml suspension for injection 3ml pre-filled OptiSet pens,3278611000001103,AMP,0601012D0BGAIBX
18150311000001109,Insuman Comb 25 100units/ml suspension for injection 3ml pre-filled SoloStar pens,18150311000001109,AMP,0601012D0BGAJBW
3473511000001107,Insulin lispro biphasic 25/75 100units/ml suspension for injection 3ml pre-filled disposable devices,3473511000001107,VMP,0601012F0AAAAAA
3473711000001102,Insulin lispro biphasic 25/75 100units/ml suspension for injection 3ml cartridges,3473711000001102,VMP,0601012F0AAABAB
3473611000001106,Insulin lispro biphasic 50/50 100units/ml suspension for injection 3ml pre-filled disposable devices,3473611000001106,VMP,0601012F0AAACAC
10352711000001104,Insulin lispro biphasic 50/50 100units/ml suspension for injection 3ml cartridges,10352711000001104,VMP,0601012F0AAADAD
16548811000001104,Insulin lispro biphasic 25/75 100units/ml suspension for injection 10ml vials,16548811000001104,VMP,0601012F0AAAEAE
3276011000001106,Humalog Mix25 Pen 100units/ml suspension for injection 3ml pre-filled pens,3276011000001106,AMP,0601012F0BBAAAA
3275711000001100,Humalog Mix25 100units/ml suspension for injection 3ml cartridges,3275711000001100,AMP,0601012F0BBABAB
3276911000001105,Humalog Mix50 Pen 100units/ml suspension for injection 3ml pre-filled pens,3276911000001105,AMP,0601012F0BBACAC
10344911000001108,Humalog Mix50 100units/ml suspension for injection 3ml cartridges,10344911000001108,AMP,0601012F0BBADAD
13884711000001104,Humalog Mix25 KwikPen 100units/ml suspension for injection 3ml pre-filled pens,13884711000001104,AMP,0601012F0BBAEAA
13884911000001102,Humalog Mix50 KwikPen 100units/ml suspension for injection 3ml pre-filled pens,13884911000001102,AMP,0601012F0BBAFAC
16530311000001107,Humalog Mix25 100units/ml suspension for injection 10ml vials,16530311000001107,AMP,0601012F0BBAGAE
3474911000001103,Insulin zinc mixed bovine 100units/ml suspension for injection 10ml vials,3474911000001103,VMP,0601012G0AAAHAH
36048911000001105,Insulin zinc mixed human 100units/ml suspension for injection 10ml vials,36048911000001105,VMP,0601012G0AAAHAH
3280611000001107,Hypurin Bovine Lente 100units/ml suspension for injection 10ml vials,3280611000001107,AMP,0601012G0BCAAAH
3284111000001108,Monotard 100units/ml suspension for injection 10ml vials,3284111000001108,AMP,0601012G0BDABAH
3284911000001106,Humulin Lente 100units/ml suspension for injection 10ml vials,3284911000001106,AMP,0601012G0BGAAAH
36048811000001100,Insulin zinc crystalline human 100units/ml suspension for injection 10ml vials,36048811000001100,VMP,0601012N0AAACAC
3282311000001103,Ultratard 100units/ml suspension for injection 10ml vials,3282311000001103,AMP,0601012N0BBAAAC
3281811000001103,Humulin Zn 100units/ml suspension for injection 10ml vials,3281811000001103,AMP,0601012N0BCAAAC
3473011000001104,Insulin isophane porcine 100units/ml suspension for injection 10ml vials,3473011000001104,VMP,0601012S0AAABAB
3472311000001106,Insulin isophane bovine 100units/ml suspension for injection 10ml vials,3472311000001106,VMP,0601012S0AAADAD
3472511000001100,Insulin isophane human 100units/ml suspension for injection 10ml vials,3472511000001100,VMP,0601012S0AAAEAE
36047411000001101,Insulin isophane human 100units/ml suspension for injection 3ml pre-filled disposable devices,36047411000001101,VMP,0601012S0AAAIAI
36047311000001108,Insulin isophane human 100units/ml suspension for injection 3ml cartridges,36047311000001108,VMP,0601012S0AAALAL
3472411000001104,Insulin isophane human 100units/ml suspension for injection 1.5ml cartridges,3472411000001104,VMP,0601012S0AAAMAM
3472211000001103,Insulin isophane bovine 100units/ml suspension for injection 1.5ml cartridges,3472211000001103,VMP,0601012S0AAANAN
3472911000001107,Insulin isophane porcine 100units/ml suspension for injection 1.5ml cartridges,3472911000001107,VMP,0601012S0AAAPAP
3472811000001102,Insulin isophane human 100units/ml suspension for injection 5ml vials,3472811000001102,VMP,0601012S0AAAQAQ
4033211000001103,Insulin isophane bovine 100units/ml suspension for injection 3ml cartridges,4033211000001103,VMP,0601012S0AAASAS
4053611000001100,Insulin isophane porcine 100units/ml suspension for injection 3ml cartridges,4053611000001100,VMP,0601012S0AAATAT
3280011000001100,Hypurin Bovine Isophane 100units/ml suspension for injection 10ml vials,3280011000001100,AMP,0601012S0BCAAAD
3279311000001102,Hypurin Bovine Isophane 100units/ml suspension for injection 1.5ml cartridges,3279311000001102,AMP,0601012S0BCADAN
3284011000001107,Hypurin Porcine Isophane 100units/ml suspension for injection 10ml vials,3284011000001107,AMP,0601012S0BCAEAB
3282611000001108,Hypurin Porcine Isophane 100units/ml suspension for injection 1.5ml cartridges,3282611000001108,AMP,0601012S0BCAFAP
4028311000001101,Hypurin Bovine Isophane 100units/ml suspension for injection 3ml cartridges,4028311000001101,AMP,0601012S0BCAGAS
4034311000001108,Hypurin Porcine Isophane 100units/ml suspension for injection 3ml cartridges,4034311000001108,AMP,0601012S0BCAHAT
3333111000001107,Pork Insulatard 100units/ml suspension for injection 10ml vials,3333111000001107,AMP,0601012S0BDAAAB
3262511000001106,Insulatard NovoLet 100units/ml suspension for injection,3262511000001106,AMP,0601012S0BDAIAI
3256111000001105,Insulatard 100units/ml suspension for injection 10ml vials,3256111000001105,AMP,0601012S0BDAJAE
3259411000001107,Human Insulatard Penfill 100units/ml suspension for injection 1.5ml cartridges,3259411000001107,AMP,0601012S0BDAKAM
3263711000001109,Insulatard Penfill 100units/ml suspension for injection 3ml cartridges,3263711000001109,AMP,0601012S0BDALAL
3261411000001102,Insulatard InnoLet 100units/ml suspension for injection 3ml pre-filled pens,3261411000001102,AMP,0601012S0BDAMAI
3262011000001103,Insulatard FlexPen 100units/ml suspension for injection,3262011000001103,AMP,0601012S0BDANAI
3255911000001101,Humulin I 100units/ml suspension for injection 10ml vials,3255911000001101,AMP,0601012S0BGAAAE
3264211000001104,Humulin I 100units/ml suspension for injection 3ml cartridges,3264211000001104,AMP,0601012S0BGADAL
3260811000001108,Humulin I Pen 100units/ml suspension for injection 3ml pre-filled pens,3260811000001108,AMP,0601012S0BGAEAI
17608511000001103,Humulin I KwikPen 100units/ml suspension for injection 3ml pre-filled pens,17608511000001103,AMP,0601012S0BGAFAI
3258411000001104,Insuman Basal 100units/ml suspension for injection 5ml vials,3258411000001104,AMP,0601012S0BIAAAQ
3265011000001108,Insuman Basal 100units/ml suspension for injection 3ml cartridges,3265011000001108,AMP,0601012S0BIABAL
3260611000001109,Insuman Basal 100units/ml suspension for injection 3ml pre-filled OptiSet pens,3260611000001109,AMP,0601012S0BIACAI
19354411000001104,Insuman Basal 100units/ml suspension for injection 3ml pre-filled SoloStar pens,19354411000001104,AMP,0601012S0BIADAI
36047911000001109,Insulin protamine zinc bovine 100units/ml suspension for injection 10ml vials,36047911000001109,VMP,0601012U0AAAAAA
3269911000001109,Hypurin Bovine Protamine Zinc 100units/ml suspension for injection 10ml vials,3269911000001109,AMP,0601012U0BBAAAA
38896911000001108,Insulin glargine 100units/ml solution for injection 3ml cartridges,38896911000001108,VMP,0601012V0AAAAAA
36047111000001106,Insulin glargine 100units/ml solution for injection 10ml vials,36047111000001106,VMP,0601012V0AAABAB
38897011000001107,Insulin glargine 100units/ml solution for injection 3ml pre-filled disposable devices,38897011000001107,VMP,0601012V0AAADAD
29903611000001103,Insulin glargine 300units/ml solution for injection 1.5ml pre-filled disposable devices,29903611000001103,VMP,0601012V0AAAEAE
36931811000001104,Insulin glargine 300units/ml solution for injection 3ml pre-filled disposable devices,36931811000001104,VMP,0601012V0AAAFAF
3284211000001102,Lantus 100units/ml solution for injection 3ml cartridges,3284211000001102,AMP,0601012V0BBAAAA
3287911000001100,Lantus 100units/ml solution for injection 10ml vials,3287911000001100,AMP,0601012V0BBABAB
3283211000001100,Lantus 100units/ml solution for injection 3ml pre-filled OptiSet pens,3283211000001100,AMP,0601012V0BBACAD
10250211000001101,Lantus 100units/ml solution for injection 3ml OptiClik cartridges,10250211000001101,AMP,0601012V0BBADAA
11933011000001106,Lantus 100units/ml solution for injection 3ml pre-filled SoloStar pens,11933011000001106,AMP,0601012V0BBAEAD
29866811000001104,Toujeo 300units/ml solution for injection 1.5ml pre-filled SoloStar pens,29866811000001104,AMP,0601012V0BCAAAE
36911311000001101,Toujeo 300units/ml solution for injection 3ml pre-filled DoubleStar pens,36911311000001101,AMP,0601012V0BCABAF
30172211000001102,Abasaglar 100units/ml solution for injection 3ml cartridges,30172211000001102,AMP,0601012V0BDABAA
30171811000001105,Abasaglar KwikPen 100units/ml solution for injection 3ml pre-filled pens,30171811000001105,AMP,0601012V0BDACAD
40322411000001106,Abasaglar Tempo Pen 100units/ml solution for injection 3ml pre-filled pens,40322411000001106,AMP,0601012V0BDADAD
36082811000001107,Semglee 100units/ml solution for injection 3ml pre-filled pens,36082811000001107,AMP,0601012V0BEAAAD
3468811000001107,Insulin aspart biphasic 30/70 100units/ml suspension for injection 3ml cartridges,3468811000001107,VMP,0601012W0AAAAAA
3468911000001102,Insulin aspart biphasic 30/70 100units/ml suspension for injection 3ml pre-filled disposable devices,3468911000001102,VMP,0601012W0AAABAB
3277811000001103,NovoMix 30 Penfill 100units/ml suspension for injection 3ml cartridges,3277811000001103,AMP,0601012W0BBAAAA
3277211000001104,NovoMix 30 FlexPen 100units/ml suspension for injection 3ml pre-filled pens,3277211000001104,AMP,0601012W0BBABAB
7597611000001106,Insulin detemir 100units/ml solution for injection 3ml cartridges,7597611000001106,VMP,0601012X0AAAAAA
7594211000001102,Insulin detemir 100units/ml solution for injection 3ml pre-filled disposable devices,7594211000001102,VMP,0601012X0AAABAB
7589911000001108,Levemir Penfill 100units/ml solution for injection 3ml cartridges,7589911000001108,AMP,0601012X0BBAAAA
7589411000001100,Levemir FlexPen 100units/ml solution for injection 3ml pre-filled pens,7589411000001100,AMP,0601012X0BBABAB
11148111000001101,Levemir InnoLet 100units/ml solution for injection 3ml pre-filled pens,11148111000001101,AMP,0601012X0BBACAB
21939511000001100,Insulin degludec 100units/ml solution for injection 3ml cartridges,21939511000001100,VMP,0601012Z0AAAAAA
21939611000001101,Insulin degludec 100units/ml solution for injection 3ml pre-filled disposable devices,21939611000001101,VMP,0601012Z0AAABAB
21939711000001105,Insulin degludec 200units/ml solution for injection 3ml pre-filled disposable devices,21939711000001105,VMP,0601012Z0AAACAC
21928511000001109,Tresiba Penfill 100units/ml solution for injection 3ml cartridges,21928511000001109,AMP,0601012Z0BBAAAA
21930011000001100,Tresiba FlexTouch 100units/ml solution for injection 3ml pre-filled pens,21930011000001100,AMP,0601012Z0BBABAB
21931911000001108,Tresiba FlexTouch 200units/ml solution for injection 3ml pre-filled pens,21931911000001108,AMP,0601012Z0BBACAC
42083111000001109,Glimepiride 2mg tablets,42083111000001109,VMP,0601021A0AAAAAA
10274011000001101,Glimepiride 2mg tablets,10274011000001101,AMP,0601021A0AAAAAA
20166811000001106,Glimepiride 2mg tablets,20166811000001106,AMP,0601021A0AAAAAA
10155111000001101,Glimepiride 2mg tablets,10155111000001101,AMP,0601021A0AAAAAA
8093711000001103,Glimepiride 2mg tablets,8093711000001103,AMP,0601021A0AAAAAA
16053711000001101,Glimepiride 2mg tablets,16053711000001101,AMP,0601021A0AAAAAA
32493611000001106,Glimepiride 2mg tablets,32493611000001106,AMP,0601021A0AAAAAA
14122311000001108,Glimepiride 2mg tablets,14122311000001108,AMP,0601021A0AAAAAA
24106511000001109,Glimepiride 2mg tablets,24106511000001109,AMP,0601021A0AAAAAA
11018911000001102,Glimepiride 2mg tablets,11018911000001102,AMP,0601021A0AAAAAA
12147311000001101,Glimepiride 2mg tablets,12147311000001101,AMP,0601021A0AAAAAA
30137811000001100,Glimepiride 2mg tablets,30137811000001100,AMP,0601021A0AAAAAA
38935011000001104,Glimepiride 2mg tablets,38935011000001104,AMP,0601021A0AAAAAA
10445311000001101,Glimepiride 2mg tablets,10445311000001101,AMP,0601021A0AAAAAA
10689011000001106,Glimepiride 2mg tablets,10689011000001106,AMP,0601021A0AAAAAA
17916711000001106,Glimepiride 2mg tablets,17916711000001106,AMP,0601021A0AAAAAA
11343211000001108,Glimepiride 2mg tablets,11343211000001108,AMP,0601021A0AAAAAA
15091211000001102,Glimepiride 2mg tablets,15091211000001102,AMP,0601021A0AAAAAA
10617511000001108,Glimepiride 2mg tablets,10617511000001108,AMP,0601021A0AAAAAA
13720511000001107,Glimepiride 2mg tablets,13720511000001107,AMP,0601021A0AAAAAA
11149411000001103,Glimepiride 2mg tablets,11149411000001103,AMP,0601021A0AAAAAA
22027411000001104,Glimepiride 2mg tablets,22027411000001104,AMP,0601021A0AAAAAA
10517911000001105,Glimepiride 2mg tablets,10517911000001105,AMP,0601021A0AAAAAA
42083011000001108,Glimepiride 1mg tablets,42083011000001108,VMP,0601021A0AAABAB
10273811000001109,Glimepiride 1mg tablets,10273811000001109,AMP,0601021A0AAABAB
18462411000001106,Glimepiride 1mg tablets,18462411000001106,AMP,0601021A0AAABAB
10154911000001102,Glimepiride 1mg tablets,10154911000001102,AMP,0601021A0AAABAB
10272611000001100,Glimepiride 1mg tablets,10272611000001100,AMP,0601021A0AAABAB
16053511000001106,Glimepiride 1mg tablets,16053511000001106,AMP,0601021A0AAABAB
32493411000001108,Glimepiride 1mg tablets,32493411000001108,AMP,0601021A0AAABAB
14122111000001106,Glimepiride 1mg tablets,14122111000001106,AMP,0601021A0AAABAB
24106311000001103,Glimepiride 1mg tablets,24106311000001103,AMP,0601021A0AAABAB
11019211000001101,Glimepiride 1mg tablets,11019211000001101,AMP,0601021A0AAABAB
12147111000001103,Glimepiride 1mg tablets,12147111000001103,AMP,0601021A0AAABAB
37069611000001104,Glimepiride 1mg tablets,37069611000001104,AMP,0601021A0AAABAB
38934811000001109,Glimepiride 1mg tablets,38934811000001109,AMP,0601021A0AAABAB
10445111000001103,Glimepiride 1mg tablets,10445111000001103,AMP,0601021A0AAABAB
10688811000001107,Glimepiride 1mg tablets,10688811000001107,AMP,0601021A0AAABAB
17916311000001107,Glimepiride 1mg tablets,17916311000001107,AMP,0601021A0AAABAB
11342811000001101,Glimepiride 1mg tablets,11342811000001101,AMP,0601021A0AAABAB
15091011000001107,Glimepiride 1mg tablets,15091011000001107,AMP,0601021A0AAABAB
10617311000001102,Glimepiride 1mg tablets,10617311000001102,AMP,0601021A0AAABAB
11149211000001102,Glimepiride 1mg tablets,11149211000001102,AMP,0601021A0AAABAB
22027111000001109,Glimepiride 1mg tablets,22027111000001109,AMP,0601021A0AAABAB
10517711000001108,Glimepiride 1mg tablets,10517711000001108,AMP,0601021A0AAABAB
42083211000001103,Glimepiride 3mg tablets,42083211000001103,VMP,0601021A0AAACAC
10274311000001103,Glimepiride 3mg tablets,10274311000001103,AMP,0601021A0AAACAC
18462611000001109,Glimepiride 3mg tablets,18462611000001109,AMP,0601021A0AAACAC
10155311000001104,Glimepiride 3mg tablets,10155311000001104,AMP,0601021A0AAACAC
8093911000001101,Glimepiride 3mg tablets,8093911000001101,AMP,0601021A0AAACAC
16053911000001104,Glimepiride 3mg tablets,16053911000001104,AMP,0601021A0AAACAC
32493811000001105,Glimepiride 3mg tablets,32493811000001105,AMP,0601021A0AAACAC
14122511000001102,Glimepiride 3mg tablets,14122511000001102,AMP,0601021A0AAACAC
24106711000001104,Glimepiride 3mg tablets,24106711000001104,AMP,0601021A0AAACAC
11018611000001108,Glimepiride 3mg tablets,11018611000001108,AMP,0601021A0AAACAC
12147511000001107,Glimepiride 3mg tablets,12147511000001107,AMP,0601021A0AAACAC
30138311000001105,Glimepiride 3mg tablets,30138311000001105,AMP,0601021A0AAACAC
38935211000001109,Glimepiride 3mg tablets,38935211000001109,AMP,0601021A0AAACAC
10445511000001107,Glimepiride 3mg tablets,10445511000001107,AMP,0601021A0AAACAC
10689211000001101,Glimepiride 3mg tablets,10689211000001101,AMP,0601021A0AAACAC
17917111000001108,Glimepiride 3mg tablets,17917111000001108,AMP,0601021A0AAACAC
11343511000001106,Glimepiride 3mg tablets,11343511000001106,AMP,0601021A0AAACAC
15091411000001103,Glimepiride 3mg tablets,15091411000001103,AMP,0601021A0AAACAC
10617811000001106,Glimepiride 3mg tablets,10617811000001106,AMP,0601021A0AAACAC
13720911000001100,Glimepiride 3mg tablets,13720911000001100,AMP,0601021A0AAACAC
11149611000001100,Glimepiride 3mg tablets,11149611000001100,AMP,0601021A0AAACAC
22027911000001107,Glimepiride 3mg tablets,22027911000001107,AMP,0601021A0AAACAC
10518111000001108,Glimepiride 3mg tablets,10518111000001108,AMP,0601021A0AAACAC
42083311000001106,Glimepiride 4mg tablets,42083311000001106,VMP,0601021A0AAADAD
10274511000001109,Glimepiride 4mg tablets,10274511000001109,AMP,0601021A0AAADAD
18462811000001108,Glimepiride 4mg tablets,18462811000001108,AMP,0601021A0AAADAD
10155511000001105,Glimepiride 4mg tablets,10155511000001105,AMP,0601021A0AAADAD
10272911000001106,Glimepiride 4mg tablets,10272911000001106,AMP,0601021A0AAADAD
16054111000001100,Glimepiride 4mg tablets,16054111000001100,AMP,0601021A0AAADAD
32494011000001102,Glimepiride 4mg tablets,32494011000001102,AMP,0601021A0AAADAD
14122711000001107,Glimepiride 4mg tablets,14122711000001107,AMP,0601021A0AAADAD
24106911000001102,Glimepiride 4mg tablets,24106911000001102,AMP,0601021A0AAADAD
11018411000001105,Glimepiride 4mg tablets,11018411000001105,AMP,0601021A0AAADAD
12147711000001102,Glimepiride 4mg tablets,12147711000001102,AMP,0601021A0AAADAD
30138511000001104,Glimepiride 4mg tablets,30138511000001104,AMP,0601021A0AAADAD
38935611000001106,Glimepiride 4mg tablets,38935611000001106,AMP,0601021A0AAADAD
10437311000001105,Glimepiride 4mg tablets,10437311000001105,AMP,0601021A0AAADAD
17917511000001104,Glimepiride 4mg tablets,17917511000001104,AMP,0601021A0AAADAD
11344011000001101,Glimepiride 4mg tablets,11344011000001101,AMP,0601021A0AAADAD
15091611000001100,Glimepiride 4mg tablets,15091611000001100,AMP,0601021A0AAADAD
10618111000001103,Glimepiride 4mg tablets,10618111000001103,AMP,0601021A0AAADAD
13721211000001103,Glimepiride 4mg tablets,13721211000001103,AMP,0601021A0AAADAD
11149811000001101,Glimepiride 4mg tablets,11149811000001101,AMP,0601021A0AAADAD
22028211000001104,Glimepiride 4mg tablets,22028211000001104,AMP,0601021A0AAADAD
10518311000001105,Glimepiride 4mg tablets,10518311000001105,AMP,0601021A0AAADAD
16130611000001107,Glimepiride 2mg/5ml oral solution,16130611000001107,VMP,0601021A0AAAGAG
16130711000001103,Glimepiride 2mg/5ml oral suspension,16130711000001103,VMP,0601021A0AAAGAG
16125411000001100,Glimepiride 2mg/5ml oral solution,16125411000001100,AMP,0601021A0AAAGAG
16125711000001106,Glimepiride 2mg/5ml oral suspension,16125711000001106,AMP,0601021A0AAAGAG
21366911000001103,Glimepiride 6mg/5ml oral suspension,21366911000001103,VMP,0601021A0AAAHAH
21324011000001103,Glimepiride 6mg/5ml oral suspension,21324011000001103,AMP,0601021A0AAAHAH
938211000001105,Amaryl 2mg tablets,938211000001105,AMP,0601021A0BBAAAA
228111000001101,Amaryl 1mg tablets,228111000001101,AMP,0601021A0BBABAB
164511000001108,Amaryl 3mg tablets,164511000001108,AMP,0601021A0BBACAC
259611000001101,Amaryl 4mg tablets,259611000001101,AMP,0601021A0BBADAD
13626011000001107,Niddaryl 1mg tablets,13626011000001107,AMP,0601021A0BCAAAB
13626511000001104,Niddaryl 2mg tablets,13626511000001104,AMP,0601021A0BCABAA
13626911000001106,Niddaryl 3mg tablets,13626911000001106,AMP,0601021A0BCACAC
13627211000001100,Niddaryl 4mg tablets,13627211000001100,AMP,0601021A0BCADAD
42081111000001108,Chlorpropamide 100mg tablets,42081111000001108,VMP,0601021E0AAAAAA
27692911000001108,Chlorpropamide 100mg tablets,27692911000001108,AMP,0601021E0AAAAAA
3949611000001107,Chlorpropamide 100mg tablets,3949611000001107,AMP,0601021E0AAAAAA
42081211000001102,Chlorpropamide 250mg tablets,42081211000001102,VMP,0601021E0AAABAB
3950411000001101,Chlorpropamide 250mg tablets,3950411000001101,AMP,0601021E0AAABAB
12019111000001108,Chlorpropamide 250mg/5ml oral suspension,12019111000001108,VMP,0601021E0AAADAD
11982811000001104,Chlorpropamide 250mg/5ml oral suspension,11982811000001104,AMP,0601021E0AAADAD
42082711000001102,Glibenclamide 2.5mg tablets,42082711000001102,VMP,0601021H0AAAAAA
648011000001102,Glibenclamide 2.5mg tablets,648011000001102,AMP,0601021H0AAAAAA
700011000001100,Glibenclamide 2.5mg tablets,700011000001100,AMP,0601021H0AAAAAA
656211000001109,Glibenclamide 2.5mg tablets,656211000001109,AMP,0601021H0AAAAAA
17972811000001108,Glibenclamide 2.5mg tablets,17972811000001108,AMP,0601021H0AAAAAA
10377311000001104,Glibenclamide 2.5mg tablets,10377311000001104,AMP,0601021H0AAAAAA
23943211000001106,Glibenclamide 2.5mg tablets,23943211000001106,AMP,0601021H0AAAAAA
923911000001109,Glibenclamide 2.5mg tablets,923911000001109,AMP,0601021H0AAAAAA
107311000001107,Glibenclamide 2.5mg tablets,107311000001107,AMP,0601021H0AAAAAA
30134511000001106,Glibenclamide 2.5mg tablets,30134511000001106,AMP,0601021H0AAAAAA
17914711000001102,Glibenclamide 2.5mg tablets,17914711000001102,AMP,0601021H0AAAAAA
29869311000001101,Glibenclamide 2.5mg tablets,29869311000001101,AMP,0601021H0AAAAAA
39518011000001106,Glibenclamide 2.5mg tablets,39518011000001106,AMP,0601021H0AAAAAA
918011000001106,Glibenclamide 2.5mg tablets,918011000001106,AMP,0601021H0AAAAAA
386011000001102,Glibenclamide 2.5mg tablets,386011000001102,AMP,0601021H0AAAAAA
22026011000001105,Glibenclamide 2.5mg tablets,22026011000001105,AMP,0601021H0AAAAAA
894411000001104,Glibenclamide 2.5mg tablets,894411000001104,AMP,0601021H0AAAAAA
42082811000001105,Glibenclamide 5mg tablets,42082811000001105,VMP,0601021H0AAABAB
745211000001107,Glibenclamide 5mg tablets,745211000001107,AMP,0601021H0AAABAB
695711000001101,Glibenclamide 5mg tablets,695711000001101,AMP,0601021H0AAABAB
718311000001102,Glibenclamide 5mg tablets,718311000001102,AMP,0601021H0AAABAB
17973211000001101,Glibenclamide 5mg tablets,17973211000001101,AMP,0601021H0AAABAB
10377711000001100,Glibenclamide 5mg tablets,10377711000001100,AMP,0601021H0AAABAB
23943411000001105,Glibenclamide 5mg tablets,23943411000001105,AMP,0601021H0AAABAB
903011000001101,Glibenclamide 5mg tablets,903011000001101,AMP,0601021H0AAABAB
822911000001107,Glibenclamide 5mg tablets,822911000001107,AMP,0601021H0AAABAB
30134711000001101,Glibenclamide 5mg tablets,30134711000001101,AMP,0601021H0AAABAB
17915111000001104,Glibenclamide 5mg tablets,17915111000001104,AMP,0601021H0AAABAB
29869511000001107,Glibenclamide 5mg tablets,29869511000001107,AMP,0601021H0AAABAB
39518311000001109,Glibenclamide 5mg tablets,39518311000001109,AMP,0601021H0AAABAB
535811000001108,Glibenclamide 5mg tablets,535811000001108,AMP,0601021H0AAABAB
887211000001106,Glibenclamide 5mg tablets,887211000001106,AMP,0601021H0AAABAB
22026311000001108,Glibenclamide 5mg tablets,22026311000001108,AMP,0601021H0AAABAB
120811000001108,Glibenclamide 5mg tablets,120811000001108,AMP,0601021H0AAABAB
12135711000001107,Glibenclamide 625micrograms/5ml oral solution,12135711000001107,VMP,0601021H0AAAIAI
12135811000001104,Glibenclamide 625micrograms/5ml oral suspension,12135811000001104,VMP,0601021H0AAAIAI
12107511000001101,Glibenclamide 625micrograms/5ml oral solution,12107511000001101,AMP,0601021H0AAAIAI
12107211000001104,Glibenclamide 625micrograms/5ml oral suspension,12107211000001104,AMP,0601021H0AAAIAI
8523711000001107,Glibenclamide 5mg/5ml oral solution,8523711000001107,VMP,0601021H0AAAJAJ
8523811000001104,Glibenclamide 5mg/5ml oral suspension,8523811000001104,VMP,0601021H0AAAJAJ
8494911000001105,Glibenclamide 5mg/5ml oral solution,8494911000001105,AMP,0601021H0AAAJAJ
8495611000001103,Glibenclamide 5mg/5ml oral suspension,8495611000001103,AMP,0601021H0AAAJAJ
12135511000001102,Glibenclamide 2.5mg/5ml oral solution,12135511000001102,VMP,0601021H0AAAKAK
12135611000001103,Glibenclamide 2.5mg/5ml oral suspension,12135611000001103,VMP,0601021H0AAAKAK
12108711000001107,Glibenclamide 2.5mg/5ml oral solution,12108711000001107,AMP,0601021H0AAAKAK
12108411000001101,Glibenclamide 2.5mg/5ml oral suspension,12108411000001101,AMP,0601021H0AAAKAK
12135311000001108,Glibenclamide 15mg/5ml oral solution,12135311000001108,VMP,0601021H0AAAMAM
12135411000001101,Glibenclamide 15mg/5ml oral suspension,12135411000001101,VMP,0601021H0AAAMAM
12108111000001106,Glibenclamide 15mg/5ml oral solution,12108111000001106,AMP,0601021H0AAAMAM
12107811000001103,Glibenclamide 15mg/5ml oral suspension,12107811000001103,AMP,0601021H0AAAMAM
8523911000001109,Glibenclamide 7.5mg/5ml oral solution,8523911000001109,VMP,0601021H0AAANAN
8524011000001107,Glibenclamide 7.5mg/5ml oral suspension,8524011000001107,VMP,0601021H0AAANAN
8495311000001108,Glibenclamide 7.5mg/5ml oral solution,8495311000001108,AMP,0601021H0AAANAN
8495911000001109,Glibenclamide 7.5mg/5ml oral suspension,8495911000001109,AMP,0601021H0AAANAN
37405911000001104,Glibenclamide 600micrograms/ml oral suspension sugar free,37405911000001104,VMP,0601021H0AAAPAP
37406011000001107,Glibenclamide 6mg/ml oral suspension sugar free,37406011000001107,VMP,0601021H0AAAQAQ
234011000001108,Daonil 5mg tablets,234011000001108,AMP,0601021H0BBAAAB
140711000001103,Semi-Daonil 2.5mg tablets,140711000001103,AMP,0601021H0BBACAA
233411000001102,Euglucon 2.5mg tablets,233411000001102,AMP,0601021H0BDAAAA
322511000001103,Euglucon 5mg tablets,322511000001103,AMP,0601021H0BDABAB
13511000001103,Diabetamide 2.5mg tablets,13511000001103,AMP,0601021H0BKAAAA
287811000001101,Diabetamide 5mg tablets,287811000001101,AMP,0601021H0BKABAB
37337011000001106,Amglidia 0.6mg/ml oral suspension with 1ml oral syringe,37337011000001106,AMP,0601021H0BNAAAP
37337211000001101,Amglidia 0.6mg/ml oral suspension with 5ml oral syringe,37337211000001101,AMP,0601021H0BNABAP
37337511000001103,Amglidia 6mg/ml oral suspension with 1ml oral syringe,37337511000001103,AMP,0601021H0BNACAQ
37337711000001108,Amglidia 6mg/ml oral suspension with 5ml oral syringe,37337711000001108,AMP,0601021H0BNADAQ
42082911000001100,Gliclazide 80mg tablets,42082911000001100,VMP,0601021M0AAAAAA
378911000001109,Gliclazide 80mg tablets,378911000001109,AMP,0601021M0AAAAAA
18462111000001101,Gliclazide 80mg tablets,18462111000001101,AMP,0601021M0AAAAAA
498911000001107,Gliclazide 80mg tablets,498911000001107,AMP,0601021M0AAAAAA
551111000001104,Gliclazide 80mg tablets,551111000001104,AMP,0601021M0AAAAAA
9801911000001102,Gliclazide 80mg tablets,9801911000001102,AMP,0601021M0AAAAAA
10378111000001100,Gliclazide 80mg tablets,10378111000001100,AMP,0601021M0AAAAAA
16053211000001108,Gliclazide 80mg tablets,16053211000001108,AMP,0601021M0AAAAAA
40858611000001105,Gliclazide 80mg tablets,40858611000001105,AMP,0601021M0AAAAAA
23943611000001108,Gliclazide 80mg tablets,23943611000001108,AMP,0601021M0AAAAAA
44159311000001101,Gliclazide 80mg tablets,44159311000001101,AMP,0601021M0AAAAAA
32413911000001101,Gliclazide 80mg tablets,32413911000001101,AMP,0601021M0AAAAAA
925311000001109,Gliclazide 80mg tablets,925311000001109,AMP,0601021M0AAAAAA
860011000001104,Gliclazide 80mg tablets,860011000001104,AMP,0601021M0AAAAAA
11411000001101,Gliclazide 80mg tablets,11411000001101,AMP,0601021M0AAAAAA
30134911000001104,Gliclazide 80mg tablets,30134911000001104,AMP,0601021M0AAAAAA
38933911000001101,Gliclazide 80mg tablets,38933911000001101,AMP,0601021M0AAAAAA
21409211000001109,Gliclazide 80mg tablets,21409211000001109,AMP,0601021M0AAAAAA
9752811000001105,Gliclazide 80mg tablets,9752811000001105,AMP,0601021M0AAAAAA
38694911000001109,Gliclazide 80mg tablets,38694911000001109,AMP,0601021M0AAAAAA
11406411000001102,Gliclazide 80mg tablets,11406411000001102,AMP,0601021M0AAAAAA
17915611000001107,Gliclazide 80mg tablets,17915611000001107,AMP,0601021M0AAAAAA
45416611000001103,Gliclazide 80mg tablets,45416611000001103,AMP,0601021M0AAAAAA
36925911000001109,Gliclazide 80mg tablets,36925911000001109,AMP,0601021M0AAAAAA
929811000001102,Gliclazide 80mg tablets,929811000001102,AMP,0601021M0AAAAAA
29869711000001102,Gliclazide 80mg tablets,29869711000001102,AMP,0601021M0AAAAAA
17199311000001101,Gliclazide 80mg tablets,17199311000001101,AMP,0601021M0AAAAAA
184711000001100,Gliclazide 80mg tablets,184711000001100,AMP,0601021M0AAAAAA
892811000001108,Gliclazide 80mg tablets,892811000001108,AMP,0601021M0AAAAAA
533211000001108,Gliclazide 80mg tablets,533211000001108,AMP,0601021M0AAAAAA
22026711000001107,Gliclazide 80mg tablets,22026711000001107,AMP,0601021M0AAAAAA
622811000001108,Gliclazide 80mg tablets,622811000001108,AMP,0601021M0AAAAAA
11492211000001104,Gliclazide 80mg tablets,11492211000001104,AMP,0601021M0AAAAAA
12136411000001105,Gliclazide 60mg/5ml oral suspension,12136411000001105,VMP,0601021M0AAAGAG
12110211000001101,Gliclazide 60mg/5ml oral suspension,12110211000001101,AMP,0601021M0AAAGAG
12136211000001106,Gliclazide 50mg/5ml oral suspension,12136211000001106,VMP,0601021M0AAAHAH
12109911000001101,Gliclazide 50mg/5ml oral suspension,12109911000001101,AMP,0601021M0AAAHAH
12136011000001101,Gliclazide 120mg/5ml oral suspension,12136011000001101,VMP,0601021M0AAAIAI
12109311000001102,Gliclazide 120mg/5ml oral suspension,12109311000001102,AMP,0601021M0AAAIAI
8524111000001108,Gliclazide 160mg/5ml oral suspension,8524111000001108,VMP,0601021M0AAAJAJ
8496611000001108,Gliclazide 160mg/5ml oral suspension,8496611000001108,AMP,0601021M0AAAJAJ
12135911000001109,Gliclazide 100mg/5ml oral suspension,12135911000001109,VMP,0601021M0AAALAL
12109011000001100,Gliclazide 100mg/5ml oral suspension,12109011000001100,AMP,0601021M0AAALAL
38896211000001104,Gliclazide 30mg modified-release tablets,38896211000001104,VMP,0601021M0AAAMAM
39882111000001108,Gliclazide 30mg modified-release tablets,39882111000001108,AMP,0601021M0AAAMAM
39456111000001105,Gliclazide 30mg modified-release tablets,39456111000001105,AMP,0601021M0AAAMAM
13549911000001105,Gliclazide 30mg modified-release tablets,13549911000001105,AMP,0601021M0AAAMAM
42587911000001100,Gliclazide 30mg modified-release tablets,42587911000001100,AMP,0601021M0AAAMAM
12136111000001100,Gliclazide 20mg/5ml oral suspension,12136111000001100,VMP,0601021M0AAANAN
12109611000001107,Gliclazide 20mg/5ml oral suspension,12109611000001107,AMP,0601021M0AAANAN
13466811000001105,Gliclazide 30mg/5ml oral suspension,13466811000001105,VMP,0601021M0AAAPAP
13462811000001109,Gliclazide 30mg/5ml oral suspension,13462811000001109,AMP,0601021M0AAAPAP
16702011000001102,Gliclazide 40mg tablets,16702011000001102,VMP,0601021M0AAARAR
17880511000001107,Gliclazide 40mg tablets,17880511000001107,AMP,0601021M0AAARAR
32498311000001109,Gliclazide 40mg tablets,32498311000001109,AMP,0601021M0AAARAR
33428211000001102,Gliclazide 40mg tablets,33428211000001102,AMP,0601021M0AAARAR
34956911000001107,Gliclazide 40mg tablets,34956911000001107,AMP,0601021M0AAARAR
42232811000001105,Gliclazide 40mg tablets,42232811000001105,AMP,0601021M0AAARAR
37387311000001101,Gliclazide 40mg tablets,37387311000001101,AMP,0601021M0AAARAR
36739111000001104,Gliclazide 40mg tablets,36739111000001104,AMP,0601021M0AAARAR
42325011000001103,Gliclazide 40mg tablets,42325011000001103,AMP,0601021M0AAARAR
38933611000001107,Gliclazide 40mg tablets,38933611000001107,AMP,0601021M0AAARAR
39483711000001107,Gliclazide 40mg tablets,39483711000001107,AMP,0601021M0AAARAR
35316811000001107,Gliclazide 40mg tablets,35316811000001107,AMP,0601021M0AAARAR
34823611000001100,Gliclazide 40mg tablets,34823611000001100,AMP,0601021M0AAARAR
22026511000001102,Gliclazide 40mg tablets,22026511000001102,AMP,0601021M0AAARAR
8524311000001105,Gliclazide 80mg/5ml oral suspension,8524311000001105,VMP,0601021M0AAASAS
8496711000001104,Gliclazide 80mg/5ml oral suspension,8496711000001104,AMP,0601021M0AAASAS
22226111000001104,Gliclazide 60mg modified-release tablets,22226111000001104,VMP,0601021M0AAATAT
39882411000001103,Gliclazide 60mg modified-release tablets,39882411000001103,AMP,0601021M0AAATAT
39299211000001101,Gliclazide 60mg modified-release tablets,39299211000001101,AMP,0601021M0AAATAT
40358111000001104,Gliclazide 60mg modified-release tablets,40358111000001104,AMP,0601021M0AAATAT
41549411000001109,Gliclazide 60mg modified-release tablets,41549411000001109,AMP,0601021M0AAATAT
8524211000001102,Gliclazide 40mg/5ml oral suspension,8524211000001102,VMP,0601021M0AAAUAU
8497111000001102,Gliclazide 40mg/5ml oral suspension,8497111000001102,AMP,0601021M0AAAUAU
36914911000001102,Gliclazide 160mg tablets,36914911000001102,VMP,0601021M0AAAVAV
40192011000001104,Gliclazide 160mg tablets,40192011000001104,AMP,0601021M0AAAVAV
40325811000001101,Gliclazide 160mg tablets,40325811000001101,AMP,0601021M0AAAVAV
40108211000001108,Gliclazide 160mg tablets,40108211000001108,AMP,0601021M0AAAVAV
745911000001103,Diamicron 80mg tablets,745911000001103,AMP,0601021M0BBAAAA
3661311000001107,Diamicron 30mg MR tablets,3661311000001107,AMP,0601021M0BBABAM
49111000001103,Diaglyk 80mg tablets,49111000001103,AMP,0601021M0BCAAAA
868111000001101,Vivazide 80mg tablets,868111000001101,AMP,0601021M0BDAAAA
61911000001108,Glimil 80mg tablets,61911000001108,AMP,0601021M0BEAAAA
13456711000001106,Nazdol MR 30mg tablets,13456711000001106,AMP,0601021M0BFAAAM
15100511000001103,Nazdol MR 30mg tablets,15100511000001103,AMP,0601021M0BFABAM
15100211000001101,Nazdol MR 30mg tablets,15100211000001101,AMP,0601021M0BFACAM
15334511000001109,Edicil MR 30mg tablets,15334511000001109,AMP,0601021M0BGAAAM
16536211000001102,Dacadis MR 30mg tablets,16536211000001102,AMP,0601021M0BHAAAM
16677511000001108,Zicron 40mg tablets,16677511000001108,AMP,0601021M0BIAAAR
33766211000001100,Zicron PR 30mg tablets,33766211000001100,AMP,0601021M0BIABAM
18678711000001108,Vitile XL 30mg tablets,18678711000001108,AMP,0601021M0BJAAAM
22225011000001109,Laaglyda MR 60mg tablets,22225011000001109,AMP,0601021M0BKAAAT
27957011000001101,Ziclaseg 30mg modified-release tablets,27957011000001101,AMP,0601021M0BLAAAM
28420711000001107,Vamju 30mg modified-release tablets,28420711000001107,AMP,0601021M0BMAAAM
28420911000001109,Vamju 60mg modified-release tablets,28420911000001109,AMP,0601021M0BMABAT
30982411000001107,Bilxona 30mg modified-release tablets,30982411000001107,AMP,0601021M0BNAAAM
30983711000001109,Bilxona 60mg modified-release tablets,30983711000001109,AMP,0601021M0BNABAT
37618711000001109,Bilxona 60mg modified-release tablets,37618711000001109,AMP,0601021M0BNACAT
36910511000001100,Glydex 160mg tablets,36910511000001100,AMP,0601021M0BPAAAV
38018211000001100,Lamzarin 30mg modified-release tablets,38018211000001100,AMP,0601021M0BQAAAM
38018511000001102,Lamzarin 60mg modified-release tablets,38018511000001102,AMP,0601021M0BQABAT
42083411000001104,Glipizide 2.5mg tablets,42083411000001104,VMP,0601021P0AAAAAA
42083511000001100,Glipizide 5mg tablets,42083511000001100,VMP,0601021P0AAABAB
731211000001105,Glipizide 5mg tablets,731211000001105,AMP,0601021P0AAABAB
756411000001104,Glipizide 5mg tablets,756411000001104,AMP,0601021P0AAABAB
788811000001108,Glipizide 5mg tablets,788811000001108,AMP,0601021P0AAABAB
19818611000001102,Glipizide 5mg tablets,19818611000001102,AMP,0601021P0AAABAB
13578511000001105,Glipizide 5mg tablets,13578511000001105,AMP,0601021P0AAABAB
697811000001104,Glipizide 5mg tablets,697811000001104,AMP,0601021P0AAABAB
811811000001103,Glipizide 5mg tablets,811811000001103,AMP,0601021P0AAABAB
30204011000001106,Glipizide 5mg tablets,30204011000001106,AMP,0601021P0AAABAB
38936211000001103,Glipizide 5mg tablets,38936211000001103,AMP,0601021P0AAABAB
129411000001101,Glipizide 5mg tablets,129411000001101,AMP,0601021P0AAABAB
17918011000001108,Glipizide 5mg tablets,17918011000001108,AMP,0601021P0AAABAB
698511000001103,Glipizide 5mg tablets,698511000001103,AMP,0601021P0AAABAB
29870011000001101,Glipizide 5mg tablets,29870011000001101,AMP,0601021P0AAABAB
9745811000001100,Glipizide 5mg tablets,9745811000001100,AMP,0601021P0AAABAB
464111000001100,Glipizide 5mg tablets,464111000001100,AMP,0601021P0AAABAB
22028411000001100,Glipizide 5mg tablets,22028411000001100,AMP,0601021P0AAABAB
515111000001108,Glibenese 5mg tablets,515111000001108,AMP,0601021P0BBAAAB
808711000001104,Minodiab 2.5mg tablets,808711000001104,AMP,0601021P0BCACAA
652411000001107,Minodiab 5mg tablets,652411000001107,AMP,0601021P0BCADAB
42083611000001101,Gliquidone 30mg tablets,42083611000001101,VMP,0601021R0AAAAAA
3763311000001102,Glurenorm 30mg tablets,3763311000001102,AMP,0601021R0BBAAAA
42090611000001109,Tolbutamide 500mg tablets,42090611000001109,VMP,0601021X0AAADAD
450011000001104,Tolbutamide 500mg tablets,450011000001104,AMP,0601021X0AAADAD
864711000001108,Tolbutamide 500mg tablets,864711000001108,AMP,0601021X0AAADAD
393311000001107,Tolbutamide 500mg tablets,393311000001107,AMP,0601021X0AAADAD
9801011000001101,Tolbutamide 500mg tablets,9801011000001101,AMP,0601021X0AAADAD
30100711000001104,Tolbutamide 500mg tablets,30100711000001104,AMP,0601021X0AAADAD
27117211000001103,Tolbutamide 500mg tablets,27117211000001103,AMP,0601021X0AAADAD
147811000001105,Tolbutamide 500mg tablets,147811000001105,AMP,0601021X0AAADAD
39908611000001109,Tolbutamide 500mg tablets,39908611000001109,AMP,0601021X0AAADAD
17821311000001104,Tolbutamide 500mg tablets,17821311000001104,AMP,0601021X0AAADAD
17205711000001104,Tolbutamide 500mg tablets,17205711000001104,AMP,0601021X0AAADAD
639511000001103,Tolbutamide 500mg tablets,639511000001103,AMP,0601021X0AAADAD
4470711000001109,Tolbutamide 500mg tablets,4470711000001109,AMP,0601021X0AAADAD
21884111000001108,Tolbutamide 500mg tablets,21884111000001108,AMP,0601021X0AAADAD
8724011000001106,Tolbutamide 500mg/5ml oral suspension,8724011000001106,VMP,0601021X0AAAJAJ
8712011000001107,Tolbutamide 500mg/5ml oral suspension,8712011000001107,AMP,0601021X0AAAJAJ
13324411000001101,Tolbutamide 250mg/5ml oral suspension,13324411000001101,VMP,0601021X0AAAKAK
13318011000001109,Tolbutamide 250mg/5ml oral suspension,13318011000001109,AMP,0601021X0AAAKAK
13324311000001108,Tolbutamide 1g/5ml oral suspension,13324311000001108,VMP,0601021X0AAALAL
13317511000001100,Tolbutamide 1g/5ml oral suspension,13317511000001100,AMP,0601021X0AAALAL
42084911000001109,Metformin 500mg tablets,42084911000001109,VMP,0601022B0AAABAB
202611000001102,Metformin 500mg tablets,202611000001102,AMP,0601022B0AAABAB
882811000001109,Metformin 500mg tablets,882811000001109,AMP,0601022B0AAABAB
197511000001103,Metformin 500mg tablets,197511000001103,AMP,0601022B0AAABAB
9797311000001109,Metformin 500mg tablets,9797311000001109,AMP,0601022B0AAABAB
10390211000001102,Metformin 500mg tablets,10390211000001102,AMP,0601022B0AAABAB
14773811000001100,Metformin 500mg tablets,14773811000001100,AMP,0601022B0AAABAB
16061411000001104,Metformin 500mg tablets,16061411000001104,AMP,0601022B0AAABAB
42241311000001106,Metformin 500mg tablets,42241311000001106,AMP,0601022B0AAABAB
34347311000001103,Metformin 500mg tablets,34347311000001103,AMP,0601022B0AAABAB
24380011000001107,Metformin 500mg tablets,24380011000001107,AMP,0601022B0AAABAB
44160711000001101,Metformin 500mg tablets,44160711000001101,AMP,0601022B0AAABAB
42413811000001105,Metformin 500mg tablets,42413811000001105,AMP,0601022B0AAABAB
7016011000001104,Metformin 500mg tablets,7016011000001104,AMP,0601022B0AAABAB
40108111000001102,Metformin 500mg tablets,40108111000001102,AMP,0601022B0AAABAB
690811000001103,Metformin 500mg tablets,690811000001103,AMP,0601022B0AAABAB
42729811000001106,Metformin 500mg tablets,42729811000001106,AMP,0601022B0AAABAB
37120411000001106,Metformin 500mg tablets,37120411000001106,AMP,0601022B0AAABAB
39037411000001107,Metformin 500mg tablets,39037411000001107,AMP,0601022B0AAABAB
41616411000001100,Metformin 500mg tablets,41616411000001100,AMP,0601022B0AAABAB
22349811000001106,Metformin 500mg tablets,22349811000001106,AMP,0601022B0AAABAB
40101711000001106,Metformin 500mg tablets,40101711000001106,AMP,0601022B0AAABAB
41110711000001109,Metformin 500mg tablets,41110711000001109,AMP,0601022B0AAABAB
16701111000001106,Metformin 500mg tablets,16701111000001106,AMP,0601022B0AAABAB
17940011000001100,Metformin 500mg tablets,17940011000001100,AMP,0601022B0AAABAB
35593311000001106,Metformin 500mg tablets,35593311000001106,AMP,0601022B0AAABAB
10292611000001107,Metformin 500mg tablets,10292611000001107,AMP,0601022B0AAABAB
593911000001106,Metformin 500mg tablets,593911000001106,AMP,0601022B0AAABAB
29906011000001102,Metformin 500mg tablets,29906011000001102,AMP,0601022B0AAABAB
7461611000001109,Metformin 500mg tablets,7461611000001109,AMP,0601022B0AAABAB
889611000001103,Metformin 500mg tablets,889611000001103,AMP,0601022B0AAABAB
13756411000001106,Metformin 500mg tablets,13756411000001106,AMP,0601022B0AAABAB
257011000001104,Metformin 500mg tablets,257011000001104,AMP,0601022B0AAABAB
21793711000001108,Metformin 500mg tablets,21793711000001108,AMP,0601022B0AAABAB
9555911000001109,Metformin 500mg tablets,9555911000001109,AMP,0601022B0AAABAB
15973311000001105,Metformin 500mg tablets,15973311000001105,AMP,0601022B0AAABAB
785311000001108,Metformin 500mg tablets,785311000001108,AMP,0601022B0AAABAB
42085111000001105,Metformin 850mg tablets,42085111000001105,VMP,0601022B0AAADAD
325011000001101,Metformin 850mg tablets,325011000001101,AMP,0601022B0AAADAD
42233711000001105,Metformin 850mg tablets,42233711000001105,AMP,0601022B0AAADAD
115811000001106,Metformin 850mg tablets,115811000001106,AMP,0601022B0AAADAD
85711000001106,Metformin 850mg tablets,85711000001106,AMP,0601022B0AAADAD
9798211000001102,Metformin 850mg tablets,9798211000001102,AMP,0601022B0AAADAD
10390811000001101,Metformin 850mg tablets,10390811000001101,AMP,0601022B0AAADAD
14774311000001106,Metformin 850mg tablets,14774311000001106,AMP,0601022B0AAADAD
16061711000001105,Metformin 850mg tablets,16061711000001105,AMP,0601022B0AAADAD
42241511000001100,Metformin 850mg tablets,42241511000001100,AMP,0601022B0AAADAD
34346811000001105,Metformin 850mg tablets,34346811000001105,AMP,0601022B0AAADAD
24380511000001104,Metformin 850mg tablets,24380511000001104,AMP,0601022B0AAADAD
44161111000001108,Metformin 850mg tablets,44161111000001108,AMP,0601022B0AAADAD
7034411000001106,Metformin 850mg tablets,7034411000001106,AMP,0601022B0AAADAD
40108711000001101,Metformin 850mg tablets,40108711000001101,AMP,0601022B0AAADAD
859811000001106,Metformin 850mg tablets,859811000001106,AMP,0601022B0AAADAD
42861711000001107,Metformin 850mg tablets,42861711000001107,AMP,0601022B0AAADAD
37120611000001109,Metformin 850mg tablets,37120611000001109,AMP,0601022B0AAADAD
39037911000001104,Metformin 850mg tablets,39037911000001104,AMP,0601022B0AAADAD
41616911000001108,Metformin 850mg tablets,41616911000001108,AMP,0601022B0AAADAD
22350011000001105,Metformin 850mg tablets,22350011000001105,AMP,0601022B0AAADAD
39098211000001102,Metformin 850mg tablets,39098211000001102,AMP,0601022B0AAADAD
16701411000001101,Metformin 850mg tablets,16701411000001101,AMP,0601022B0AAADAD
17940411000001109,Metformin 850mg tablets,17940411000001109,AMP,0601022B0AAADAD
35593611000001101,Metformin 850mg tablets,35593611000001101,AMP,0601022B0AAADAD
10293511000001101,Metformin 850mg tablets,10293511000001101,AMP,0601022B0AAADAD
909311000001100,Metformin 850mg tablets,909311000001100,AMP,0601022B0AAADAD
29906411000001106,Metformin 850mg tablets,29906411000001106,AMP,0601022B0AAADAD
7463711000001104,Metformin 850mg tablets,7463711000001104,AMP,0601022B0AAADAD
157911000001103,Metformin 850mg tablets,157911000001103,AMP,0601022B0AAADAD
9763311000001104,Metformin 850mg tablets,9763311000001104,AMP,0601022B0AAADAD
13757811000001105,Metformin 850mg tablets,13757811000001105,AMP,0601022B0AAADAD
795311000001107,Metformin 850mg tablets,795311000001107,AMP,0601022B0AAADAD
21794511000001100,Metformin 850mg tablets,21794511000001100,AMP,0601022B0AAADAD
9556111000001100,Metformin 850mg tablets,9556111000001100,AMP,0601022B0AAADAD
15973711000001109,Metformin 850mg tablets,15973711000001109,AMP,0601022B0AAADAD
637811000001108,Metformin 850mg tablets,637811000001108,AMP,0601022B0AAADAD
42085011000001109,Metformin 500mg/5ml oral solution,42085011000001109,VMP,0601022B0AAAIAI
8664411000001102,Metformin 500mg/5ml oral suspension,8664411000001102,VMP,0601022B0AAAIAI
8615911000001105,Metformin 500mg/5ml oral solution,8615911000001105,AMP,0601022B0AAAIAI
8616711000001100,Metformin 500mg/5ml oral suspension,8616711000001100,AMP,0601022B0AAAIAI
8664611000001104,Metformin 850mg/5ml oral solution,8664611000001104,VMP,0601022B0AAAJAJ
8664711000001108,Metformin 850mg/5ml oral suspension,8664711000001108,VMP,0601022B0AAAJAJ
8617611000001106,Metformin 850mg/5ml oral solution,8617611000001106,AMP,0601022B0AAAJAJ
8618911000001104,Metformin 850mg/5ml oral suspension,8618911000001104,AMP,0601022B0AAAJAJ
8663911000001108,Metformin 250mg/5ml oral solution,8663911000001108,VMP,0601022B0AAAKAK
8664011000001106,Metformin 250mg/5ml oral suspension,8664011000001106,VMP,0601022B0AAAKAK
8614411000001103,Metformin 250mg/5ml oral solution,8614411000001103,AMP,0601022B0AAAKAK
8615611000001104,Metformin 250mg/5ml oral suspension,8615611000001104,AMP,0601022B0AAAKAK
8664111000001107,Metformin 425mg/5ml oral solution,8664111000001107,VMP,0601022B0AAALAL
8664211000001101,Metformin 425mg/5ml oral suspension,8664211000001101,VMP,0601022B0AAALAL
8614211000001102,Metformin 425mg/5ml oral solution,8614211000001102,AMP,0601022B0AAALAL
8614811000001101,Metformin 425mg/5ml oral suspension,8614811000001101,AMP,0601022B0AAALAL
12798011000001101,Metformin 1g/5ml oral solution,12798011000001101,VMP,0601022B0AAAMAM
12792711000001102,Metformin 1g/5ml oral solution,12792711000001102,AMP,0601022B0AAAMAM
12813711000001107,Metformin 5mg/5ml oral solution,12813711000001107,VMP,0601022B0AAANAN
12793011000001108,Metformin 5mg/5ml oral solution,12793011000001108,AMP,0601022B0AAANAN
8796711000001107,Metformin 850mg capsules,8796711000001107,VMP,0601022B0AAAQAQ
8759611000001101,Metformin 850mg capsules,8759611000001101,AMP,0601022B0AAAQAQ
10750111000001100,Metformin 500mg/5ml oral solution sugar free,10750111000001100,VMP,0601022B0AAARAR
10963611000001104,Metformin 500mg/5ml oral solution sugar free,10963611000001104,AMP,0601022B0AAARAR
15984111000001102,Metformin 500mg/5ml oral solution sugar free,15984111000001102,AMP,0601022B0AAARAR
28415811000001101,Metformin 500mg/5ml oral solution sugar free,28415811000001101,AMP,0601022B0AAARAR
10832711000001103,Metformin 500mg/5ml oral solution sugar free,10832711000001103,AMP,0601022B0AAARAR
17970111000001100,Metformin 500mg/5ml oral solution sugar free,17970111000001100,AMP,0601022B0AAARAR
33548911000001100,Metformin 500mg/5ml oral solution sugar free,33548911000001100,AMP,0601022B0AAARAR
37449011000001109,Metformin 500mg/5ml oral solution sugar free,37449011000001109,AMP,0601022B0AAARAR
42946811000001108,Metformin 500mg/5ml oral solution sugar free,42946811000001108,AMP,0601022B0AAARAR
39040211000001105,Metformin 500mg/5ml oral solution sugar free,39040211000001105,AMP,0601022B0AAARAR
41978711000001101,Metformin 500mg/5ml oral solution sugar free,41978711000001101,AMP,0601022B0AAARAR
27879911000001104,Metformin 500mg/5ml oral solution sugar free,27879911000001104,AMP,0601022B0AAARAR
45464011000001101,Metformin 500mg/5ml oral solution sugar free,45464011000001101,AMP,0601022B0AAARAR
11599411000001100,Metformin 500mg/5ml oral solution sugar free,11599411000001100,AMP,0601022B0AAARAR
29918411000001109,Metformin 500mg/5ml oral solution sugar free,29918411000001109,AMP,0601022B0AAARAR
42720511000001100,Metformin 500mg/5ml oral solution sugar free,42720511000001100,AMP,0601022B0AAARAR
22393411000001104,Metformin 500mg/5ml oral solution sugar free,22393411000001104,AMP,0601022B0AAARAR
22105211000001106,Metformin 500mg/5ml oral solution sugar free,22105211000001106,AMP,0601022B0AAARAR
39113511000001101,Metformin 500mg modified-release tablets,39113511000001101,VMP,0601022B0AAASAS
39975711000001103,Metformin 500mg modified-release tablets,39975711000001103,AMP,0601022B0AAASAS
30763311000001100,Metformin 500mg modified-release tablets,30763311000001100,AMP,0601022B0AAASAS
41215611000001105,Metformin 500mg modified-release tablets,41215611000001105,AMP,0601022B0AAASAS
42218211000001102,Metformin 500mg modified-release tablets,42218211000001102,AMP,0601022B0AAASAS
39156711000001107,Metformin 500mg modified-release tablets,39156711000001107,AMP,0601022B0AAASAS
45627111000001104,Metformin 500mg modified-release tablets,45627111000001104,AMP,0601022B0AAASAS
45423011000001108,Metformin 500mg modified-release tablets,45423011000001108,AMP,0601022B0AAASAS
15019811000001104,Metformin 500mg modified-release tablets,15019811000001104,AMP,0601022B0AAASAS
39038511000001105,Metformin 500mg modified-release tablets,39038511000001105,AMP,0601022B0AAASAS
38530511000001107,Metformin 500mg modified-release tablets,38530511000001107,AMP,0601022B0AAASAS
44311511000001106,Metformin 500mg modified-release tablets,44311511000001106,AMP,0601022B0AAASAS
41508311000001100,Metformin 500mg modified-release tablets,41508311000001100,AMP,0601022B0AAASAS
42160211000001104,Metformin 500mg modified-release tablets,42160211000001104,AMP,0601022B0AAASAS
42123111000001105,Metformin 500mg modified-release tablets,42123111000001105,AMP,0601022B0AAASAS
45177511000001108,Metformin 500mg modified-release tablets,45177511000001108,AMP,0601022B0AAASAS
38893811000001107,Metformin 750mg modified-release tablets,38893811000001107,VMP,0601022B0AAATAT
33425611000001106,Metformin 750mg modified-release tablets,33425611000001106,AMP,0601022B0AAATAT
44085711000001101,Metformin 750mg modified-release tablets,44085711000001101,AMP,0601022B0AAATAT
41215911000001104,Metformin 750mg modified-release tablets,41215911000001104,AMP,0601022B0AAATAT
42218511000001104,Metformin 750mg modified-release tablets,42218511000001104,AMP,0601022B0AAATAT
40364311000001101,Metformin 750mg modified-release tablets,40364311000001101,AMP,0601022B0AAATAT
39038711000001100,Metformin 750mg modified-release tablets,39038711000001100,AMP,0601022B0AAATAT
38533711000001106,Metformin 750mg modified-release tablets,38533711000001106,AMP,0601022B0AAATAT
44312111000001107,Metformin 750mg modified-release tablets,44312111000001107,AMP,0601022B0AAATAT
42146211000001109,Metformin 750mg modified-release tablets,42146211000001109,AMP,0601022B0AAATAT
40856211000001107,Metformin 750mg modified-release tablets,40856211000001107,AMP,0601022B0AAATAT
38893711000001104,Metformin 1g modified-release tablets,38893711000001104,VMP,0601022B0AAAVAV
40668811000001106,Metformin 1g modified-release tablets,40668811000001106,AMP,0601022B0AAAVAV
39420211000001102,Metformin 1g modified-release tablets,39420211000001102,AMP,0601022B0AAAVAV
41212611000001101,Metformin 1g modified-release tablets,41212611000001101,AMP,0601022B0AAAVAV
42241011000001108,Metformin 1g modified-release tablets,42241011000001108,AMP,0601022B0AAAVAV
45630411000001107,Metformin 1g modified-release tablets,45630411000001107,AMP,0601022B0AAAVAV
45515511000001104,Metformin 1g modified-release tablets,45515511000001104,AMP,0601022B0AAAVAV
32423011000001106,Metformin 1g modified-release tablets,32423011000001106,AMP,0601022B0AAAVAV
39038311000001104,Metformin 1g modified-release tablets,39038311000001104,AMP,0601022B0AAAVAV
38543111000001106,Metformin 1g modified-release tablets,38543111000001106,AMP,0601022B0AAAVAV
42144511000001101,Metformin 1g modified-release tablets,42144511000001101,AMP,0601022B0AAAVAV
42122811000001106,Metformin 1g modified-release tablets,42122811000001106,AMP,0601022B0AAAVAV
40855911000001105,Metformin 1g modified-release tablets,40855911000001105,AMP,0601022B0AAAVAV
45178111000001103,Metformin 1g modified-release tablets,45178111000001103,AMP,0601022B0AAAVAV
15411311000001103,Metformin 500mg oral powder sachets sugar free,15411311000001103,VMP,0601022B0AAAWAW
40816911000001105,Metformin 500mg oral powder sachets sugar free,40816911000001105,AMP,0601022B0AAAWAW
39989511000001103,Metformin 500mg oral powder sachets sugar free,39989511000001103,AMP,0601022B0AAAWAW
39777811000001108,Metformin 500mg oral powder sachets sugar free,39777811000001108,AMP,0601022B0AAAWAW
15411211000001106,Metformin 1g oral powder sachets sugar free,15411211000001106,VMP,0601022B0AAAXAX
44047911000001100,Metformin 1g oral powder sachets sugar free,44047911000001100,AMP,0601022B0AAAXAX
42098311000001102,Metformin 1g oral powder sachets sugar free,42098311000001102,AMP,0601022B0AAAXAX
33550811000001105,Metformin 1g/5ml oral solution sugar free,33550811000001105,VMP,0601022B0AAAYAY
34188211000001105,Metformin 1g/5ml oral solution sugar free,34188211000001105,AMP,0601022B0AAAYAY
33769211000001109,Metformin 1g/5ml oral solution sugar free,33769211000001109,AMP,0601022B0AAAYAY
33548011000001104,Metformin 1g/5ml oral solution sugar free,33548011000001104,AMP,0601022B0AAAYAY
39875911000001105,Metformin 1g/5ml oral solution sugar free,39875911000001105,AMP,0601022B0AAAYAY
41336711000001106,Metformin 1g/5ml oral solution sugar free,41336711000001106,AMP,0601022B0AAAYAY
33550911000001100,Metformin 850mg/5ml oral solution sugar free,33550911000001100,VMP,0601022B0AAAZAZ
34188011000001100,Metformin 850mg/5ml oral solution sugar free,34188011000001100,AMP,0601022B0AAAZAZ
33769011000001104,Metformin 850mg/5ml oral solution sugar free,33769011000001104,AMP,0601022B0AAAZAZ
33547711000001103,Metformin 850mg/5ml oral solution sugar free,33547711000001103,AMP,0601022B0AAAZAZ
39038111000001101,Metformin 850mg/5ml oral solution sugar free,39038111000001101,AMP,0601022B0AAAZAZ
39461411000001102,Metformin 1g tablets,39461411000001102,VMP,0601022B0AABABA
40671711000001102,Metformin 1g tablets,40671711000001102,AMP,0601022B0AABABA
42246511000001109,Metformin 1g tablets,42246511000001109,AMP,0601022B0AABABA
39611411000001100,Metformin 1g tablets,39611411000001100,AMP,0601022B0AABABA
42722111000001108,Metformin 1g tablets,42722111000001108,AMP,0601022B0AABABA
44160411000001107,Metformin 1g tablets,44160411000001107,AMP,0601022B0AABABA
39395111000001104,Metformin 1g tablets,39395111000001104,AMP,0601022B0AABABA
42880711000001102,Metformin 1g tablets,42880711000001102,AMP,0601022B0AABABA
45358411000001104,Metformin 1g tablets,45358411000001104,AMP,0601022B0AABABA
43146111000001106,Metformin 850mg modified-release tablets,43146111000001106,VMP,0601022B0AABBBB
363211000001102,Glucophage 500mg tablets,363211000001102,AMP,0601022B0BBAAAB
365111000001109,Glucophage 850mg tablets,365111000001109,AMP,0601022B0BBABAD
8990711000001100,Glucophage SR 500mg tablets,8990711000001100,AMP,0601022B0BBACAS
13748611000001107,Glucophage SR 750mg tablets,13748611000001107,AMP,0601022B0BBADAT
15367811000001105,Glucophage SR 1000mg tablets,15367811000001105,AMP,0601022B0BBAEAV
15373711000001104,Glucophage 500mg oral powder sachets,15373711000001104,AMP,0601022B0BBAFAW
15374311000001101,Glucophage 1000mg oral powder sachets,15374311000001101,AMP,0601022B0BBAGAX
43033811000001100,Glucophage SR 850mg tablets,43033811000001100,AMP,0601022B0BBAHBB
543011000001102,Glyformin 500mg tablets,543011000001102,AMP,0601022B0BDAAAB
10741611000001100,Metsol 500mg/5ml oral solution,10741611000001100,AMP,0601022B0BHAAAR
14183911000001108,Bolamyn SR 500mg tablets,14183911000001108,AMP,0601022B0BIAAAS
22308811000001109,Bolamyn SR 1000mg tablets,22308811000001109,AMP,0601022B0BIABAV
18141911000001101,Metabet SR 500mg tablets,18141911000001101,AMP,0601022B0BJAAAS
18885611000001108,Metabet SR 1000mg tablets,18885611000001108,AMP,0601022B0BJABAV
19301211000001107,Metabet SR 1000mg tablets,19301211000001107,AMP,0601022B0BJACAV
21409811000001105,Metabet SR 500mg tablets,21409811000001105,AMP,0601022B0BJADAS
19308111000001109,Glucient SR 500mg tablets,19308111000001109,AMP,0601022B0BKAAAS
30012111000001105,Glucient SR 750mg tablets,30012111000001105,AMP,0601022B0BKABAT
30012311000001107,Glucient SR 1000mg tablets,30012311000001107,AMP,0601022B0BKACAV
20552511000001105,Diagemet XL 500mg tablets,20552511000001105,AMP,0601022B0BLAAAS
24568211000001104,Sukkarto SR 1000mg tablets,24568211000001104,AMP,0601022B0BMAAAV
24568411000001100,Sukkarto SR 500mg tablets,24568411000001100,AMP,0601022B0BMABAS
38238111000001109,Sukkarto SR 750mg tablets,38238111000001109,AMP,0601022B0BMACAT
34552411000001107,Meijumet 500mg modified-release tablets,34552411000001107,AMP,0601022B0BNAAAS
34552811000001109,Meijumet 750mg modified-release tablets,34552811000001109,AMP,0601022B0BNABAT
34553311000001105,Meijumet 1000mg modified-release tablets,34553311000001105,AMP,0601022B0BNACAV
35547511000001101,Yaltormin SR 500mg tablets,35547511000001101,AMP,0601022B0BPAAAS
35548011000001105,Yaltormin SR 750mg tablets,35548011000001105,AMP,0601022B0BPABAT
35548311000001108,Yaltormin SR 1000mg tablets,35548311000001108,AMP,0601022B0BPACAV
35849011000001104,Metuxtan SR 500mg tablets,35849011000001104,AMP,0601022B0BQAAAS
38749111000001108,Glucorex SR 500mg tablets,38749111000001108,AMP,0601022B0BRAAAS
39573711000001106,Axpinet 500mg tablets,39573711000001106,AMP,0601022B0BSAAAB
39573911000001108,Axpinet 850mg tablets,39573911000001108,AMP,0601022B0BSABAD
40563811000001109,Jesacrin 750mg modified-release tablets,40563811000001109,AMP,0601022B0BTAAAT
40564111000001100,Jesacrin 1000mg modified-release tablets,40564111000001100,AMP,0601022B0BTABAV
42385711000001105,Jesacrin 500mg modified-release tablets,42385711000001105,AMP,0601022B0BTACAS
42565111000001109,Rudimet 750mg prolonged-release tablets,42565111000001109,AMP,0601022B0BUAAAT
42565411000001104,Rudimet 1000mg prolonged-release tablets,42565411000001104,AMP,0601022B0BUABAV
42080311000001100,Acarbose 50mg tablets,42080311000001100,VMP,0601023A0AAAAAA
18309611000001107,Acarbose 50mg tablets,18309611000001107,AMP,0601023A0AAAAAA
21111411000001109,Acarbose 50mg tablets,21111411000001109,AMP,0601023A0AAAAAA
19489311000001108,Acarbose 50mg tablets,19489311000001108,AMP,0601023A0AAAAAA
21027911000001106,Acarbose 50mg tablets,21027911000001106,AMP,0601023A0AAAAAA
19700511000001104,Acarbose 50mg tablets,19700511000001104,AMP,0601023A0AAAAAA
38738211000001106,Acarbose 50mg tablets,38738211000001106,AMP,0601023A0AAAAAA
29988711000001100,Acarbose 50mg tablets,29988711000001100,AMP,0601023A0AAAAAA
38763011000001101,Acarbose 50mg tablets,38763011000001101,AMP,0601023A0AAAAAA
24130611000001101,Acarbose 50mg tablets,24130611000001101,AMP,0601023A0AAAAAA
18624811000001107,Acarbose 50mg tablets,18624811000001107,AMP,0601023A0AAAAAA
38292411000001105,Acarbose 50mg tablets,38292411000001105,AMP,0601023A0AAAAAA
29754711000001105,Acarbose 50mg tablets,29754711000001105,AMP,0601023A0AAAAAA
33549511000001101,Acarbose 50mg tablets,33549511000001101,AMP,0601023A0AAAAAA
21734711000001103,Acarbose 50mg tablets,21734711000001103,AMP,0601023A0AAAAAA
42080211000001108,Acarbose 100mg tablets,42080211000001108,VMP,0601023A0AAABAB
18309811000001106,Acarbose 100mg tablets,18309811000001106,AMP,0601023A0AAABAB
21112511000001100,Acarbose 100mg tablets,21112511000001100,AMP,0601023A0AAABAB
19489511000001102,Acarbose 100mg tablets,19489511000001102,AMP,0601023A0AAABAB
21028111000001109,Acarbose 100mg tablets,21028111000001109,AMP,0601023A0AAABAB
19700011000001107,Acarbose 100mg tablets,19700011000001107,AMP,0601023A0AAABAB
38737911000001103,Acarbose 100mg tablets,38737911000001103,AMP,0601023A0AAABAB
29988911000001103,Acarbose 100mg tablets,29988911000001103,AMP,0601023A0AAABAB
38762711000001107,Acarbose 100mg tablets,38762711000001107,AMP,0601023A0AAABAB
24130811000001102,Acarbose 100mg tablets,24130811000001102,AMP,0601023A0AAABAB
18624411000001105,Acarbose 100mg tablets,18624411000001105,AMP,0601023A0AAABAB
38293311000001108,Acarbose 100mg tablets,38293311000001108,AMP,0601023A0AAABAB
29754211000001103,Acarbose 100mg tablets,29754211000001103,AMP,0601023A0AAABAB
33549711000001106,Acarbose 100mg tablets,33549711000001106,AMP,0601023A0AAABAB
21735211000001106,Acarbose 100mg tablets,21735211000001106,AMP,0601023A0AAABAB
781411000001104,Glucobay 50mg tablets,781411000001104,AMP,0601023A0BBACAA
444311000001106,Glucobay 100mg tablets,444311000001106,AMP,0601023A0BBADAB
13412911000001100,Vildagliptin 50mg tablets,13412911000001100,VMP,0601023AAAAAAAA
41183111000001104,Vildagliptin 50mg tablets,41183111000001104,AMP,0601023AAAAAAAA
41170111000001101,Vildagliptin 50mg tablets,41170111000001101,AMP,0601023AAAAAAAA
41127611000001109,Vildagliptin 50mg tablets,41127611000001109,AMP,0601023AAAAAAAA
45469111000001104,Vildagliptin 50mg tablets,45469111000001104,AMP,0601023AAAAAAAA
41970111000001104,Vildagliptin 50mg tablets,41970111000001104,AMP,0601023AAAAAAAA
41094511000001100,Vildagliptin 50mg tablets,41094511000001100,AMP,0601023AAAAAAAA
41058711000001107,Vildagliptin 50mg tablets,41058711000001107,AMP,0601023AAAAAAAA
13411611000001100,Galvus 50mg tablets,13411611000001100,AMP,0601023AABBAAAA
39703911000001101,Saxagliptin 5mg tablets,39703911000001101,VMP,0601023ACAAAAAA
45299011000001104,Saxagliptin 5mg tablets,45299011000001104,AMP,0601023ACAAAAAA
39703811000001106,Saxagliptin 2.5mg tablets,39703811000001106,VMP,0601023ACAAABAB
45298811000001103,Saxagliptin 2.5mg tablets,45298811000001103,AMP,0601023ACAAABAB
15993011000001101,Onglyza 5mg tablets,15993011000001101,AMP,0601023ACBBAAAA
18596311000001108,Onglyza 2.5mg tablets,18596311000001108,AMP,0601023ACBBABAB
17071811000001108,Sitagliptin 50mg / Metformin 1g tablets,17071811000001108,VMP,0601023ADAAAAAA
41937411000001106,Sitagliptin 50mg / Metformin 1g tablets,41937411000001106,AMP,0601023ADAAAAAA
41781411000001100,Sitagliptin 50mg / Metformin 1g tablets,41781411000001100,AMP,0601023ADAAAAAA
42075411000001109,Sitagliptin 50mg / Metformin 1g tablets,42075411000001109,AMP,0601023ADAAAAAA
41591411000001103,Sitagliptin 50mg / Metformin 1g tablets,41591411000001103,AMP,0601023ADAAAAAA
42058111000001107,Sitagliptin 50mg / Metformin 1g tablets,42058111000001107,AMP,0601023ADAAAAAA
43804611000001109,Sitagliptin 50mg / Metformin 1g tablets,43804611000001109,AMP,0601023ADAAAAAA
44883811000001109,Sitagliptin 50mg / Metformin 1g tablets,44883811000001109,AMP,0601023ADAAAAAA
45673011000001105,Sitagliptin 50mg / Metformin 1g tablets,45673011000001105,AMP,0601023ADAAAAAA
45255711000001108,Sitagliptin 50mg / Metformin 1g tablets,45255711000001108,AMP,0601023ADAAAAAA
43146211000001100,Sitagliptin 50mg / Metformin 1g tablets,43146211000001100,AMP,0601023ADAAAAAA
43157311000001108,Sitagliptin 50mg / Metformin 1g tablets,43157311000001108,AMP,0601023ADAAAAAA
42959811000001100,Sitagliptin 50mg / Metformin 1g tablets,42959811000001100,AMP,0601023ADAAAAAA
42004911000001105,Sitagliptin 50mg / Metformin 1g tablets,42004911000001105,AMP,0601023ADAAAAAA
41426811000001107,Sitagliptin 50mg / Metformin 1g tablets,41426811000001107,AMP,0601023ADAAAAAA
17060511000001108,Janumet 50mg/1000mg tablets,17060511000001108,AMP,0601023ADBBAAAA
19525211000001103,Linagliptin 5mg tablets,19525211000001103,VMP,0601023AEAAAAAA
19492811000001108,Trajenta 5mg tablets,19492811000001108,AMP,0601023AEBBAAAA
21245111000001107,Linagliptin 2.5mg / Metformin 850mg tablets,21245111000001107,VMP,0601023AFAAAAAA
21245011000001106,Linagliptin 2.5mg / Metformin 1g tablets,21245011000001106,VMP,0601023AFAAABAB
21208211000001100,Jentadueto 2.5mg/850mg tablets,21208211000001100,AMP,0601023AFBBAAAA
21208511000001102,Jentadueto 2.5mg/1000mg tablets,21208511000001102,AMP,0601023AFBBABAB
21711511000001101,Saxagliptin 2.5mg / Metformin 850mg tablets,21711511000001101,VMP,0601023AHAAAAAA
21711411000001100,Saxagliptin 2.5mg / Metformin 1g tablets,21711411000001100,VMP,0601023AHAAABAB
21705311000001107,Komboglyze 2.5mg/850mg tablets,21705311000001107,AMP,0601023AHBBAAAA
21705611000001102,Komboglyze 2.5mg/1000mg tablets,21705611000001102,AMP,0601023AHBBABAB
23637211000001102,Alogliptin 12.5mg / Metformin 1g tablets,23637211000001102,VMP,0601023AJAAAAAA
44143611000001107,Alogliptin 12.5mg / Metformin 1g tablets,44143611000001107,AMP,0601023AJAAAAAA
23632611000001103,Vipdomet 12.5mg/1000mg tablets,23632611000001103,AMP,0601023AJBBAAAA
23637511000001104,Alogliptin 6.25mg tablets,23637511000001104,VMP,0601023AKAAAAAA
43191111000001107,Alogliptin 6.25mg tablets,43191111000001107,AMP,0601023AKAAAAAA
23637311000001105,Alogliptin 12.5mg tablets,23637311000001105,VMP,0601023AKAAABAB
43191311000001109,Alogliptin 12.5mg tablets,43191311000001109,AMP,0601023AKAAABAB
23637411000001103,Alogliptin 25mg tablets,23637411000001103,VMP,0601023AKAAACAC
43191511000001103,Alogliptin 25mg tablets,43191511000001103,AMP,0601023AKAAACAC
23634111000001103,Vipidia 6.25mg tablets,23634111000001103,AMP,0601023AKBBAAAA
23636011000001109,Vipidia 12.5mg tablets,23636011000001109,AMP,0601023AKBBABAB
23636311000001107,Vipidia 25mg tablets,23636311000001107,AMP,0601023AKBBACAC
24054711000001109,Dapagliflozin 5mg / Metformin 850mg tablets,24054711000001109,VMP,0601023ALAAAAAA
24054611000001100,Dapagliflozin 5mg / Metformin 1g tablets,24054611000001100,VMP,0601023ALAAABAB
45725311000001102,Dapagliflozin 5mg / Metformin 1g tablets,45725311000001102,AMP,0601023ALAAABAB
24018111000001106,Xigduo 5mg/850mg tablets,24018111000001106,AMP,0601023ALBBAAAA
24018511000001102,Xigduo 5mg/1000mg tablets,24018511000001102,AMP,0601023ALBBABAB
28049311000001109,Canagliflozin 50mg / Metformin 850mg tablets,28049311000001109,VMP,0601023APAAAAAA
28049211000001101,Canagliflozin 50mg / Metformin 1g tablets,28049211000001101,VMP,0601023APAAABAB
28022511000001109,Vokanamet 50mg/850mg tablets,28022511000001109,AMP,0601023APBBAAAA
28024411000001103,Vokanamet 50mg/1000mg tablets,28024411000001103,AMP,0601023APBBABAB
30318411000001104,Empagliflozin 5mg / Metformin 850mg tablets,30318411000001104,VMP,0601023ARAAAAAA
30318311000001106,Empagliflozin 5mg / Metformin 1g tablets,30318311000001106,VMP,0601023ARAAABAB
30318211000001103,Empagliflozin 12.5mg / Metformin 850mg tablets,30318211000001103,VMP,0601023ARAAACAC
30318111000001109,Empagliflozin 12.5mg / Metformin 1g tablets,30318111000001109,VMP,0601023ARAAADAD
30173411000001107,Synjardy 5mg/850mg tablets,30173411000001107,AMP,0601023ARBBAAAA
30174111000001100,Synjardy 5mg/1000mg tablets,30174111000001100,AMP,0601023ARBBABAB
30175011000001102,Synjardy 12.5mg/850mg tablets,30175011000001102,AMP,0601023ARBBACAC
30175711000001100,Synjardy 12.5mg/1000mg tablets,30175711000001100,AMP,0601023ARBBADAD
28279611000001109,Insulin degludec 100units/ml / Liraglutide 3.6mg/ml solution for injection 3ml pre-filled disposable devices,28279611000001109,VMP,0601023AUAAAAAA
28054311000001106,Xultophy 100units/ml / 3.6mg/ml solution for injection 3ml pre-filled pens,28054311000001106,AMP,0601023AUBBAAAA
33745311000001109,Saxagliptin 5mg / Dapagliflozin 10mg tablets,33745311000001109,VMP,0601023AVAAAAAA
33682311000001103,Qtern 5mg/10mg tablets,33682311000001103,AMP,0601023AVBBAAAA
37280311000001109,Empagliflozin 10mg / Linagliptin 5mg tablets,37280311000001109,VMP,0601023AYAAAAAA
37280511000001103,Empagliflozin 25mg / Linagliptin 5mg tablets,37280511000001103,VMP,0601023AYAAABAB
37225211000001100,Glyxambi 10mg/5mg tablets,37225211000001100,AMP,0601023AYBBAAAA
37225511000001102,Glyxambi 25mg/5mg tablets,37225511000001102,AMP,0601023AYBBABAB
42086211000001105,Pioglitazone 15mg tablets,42086211000001105,VMP,0601023B0AAAAAA
19361311000001103,Pioglitazone 15mg tablets,19361311000001103,AMP,0601023B0AAAAAA
23487411000001107,Pioglitazone 15mg tablets,23487411000001107,AMP,0601023B0AAAAAA
20357411000001107,Pioglitazone 15mg tablets,20357411000001107,AMP,0601023B0AAAAAA
19469211000001102,Pioglitazone 15mg tablets,19469211000001102,AMP,0601023B0AAAAAA
32492811000001102,Pioglitazone 15mg tablets,32492811000001102,AMP,0601023B0AAAAAA
30077211000001109,Pioglitazone 15mg tablets,30077211000001109,AMP,0601023B0AAAAAA
19592911000001108,Pioglitazone 15mg tablets,19592911000001108,AMP,0601023B0AAAAAA
19476211000001103,Pioglitazone 15mg tablets,19476211000001103,AMP,0601023B0AAAAAA
30857011000001100,Pioglitazone 15mg tablets,30857011000001100,AMP,0601023B0AAAAAA
39187611000001107,Pioglitazone 15mg tablets,39187611000001107,AMP,0601023B0AAAAAA
24137211000001104,Pioglitazone 15mg tablets,24137211000001104,AMP,0601023B0AAAAAA
20319611000001106,Pioglitazone 15mg tablets,20319611000001106,AMP,0601023B0AAAAAA
29985811000001104,Pioglitazone 15mg tablets,29985811000001104,AMP,0601023B0AAAAAA
22949011000001105,Pioglitazone 15mg tablets,22949011000001105,AMP,0601023B0AAAAAA
21763311000001107,Pioglitazone 15mg tablets,21763311000001107,AMP,0601023B0AAAAAA
36856611000001103,Pioglitazone 15mg tablets,36856611000001103,AMP,0601023B0AAAAAA
33599111000001102,Pioglitazone 15mg tablets,33599111000001102,AMP,0601023B0AAAAAA
21848111000001107,Pioglitazone 15mg tablets,21848111000001107,AMP,0601023B0AAAAAA
20916911000001104,Pioglitazone 15mg tablets,20916911000001104,AMP,0601023B0AAAAAA
42086311000001102,Pioglitazone 30mg tablets,42086311000001102,VMP,0601023B0AAABAB
19361511000001109,Pioglitazone 30mg tablets,19361511000001109,AMP,0601023B0AAABAB
23487611000001105,Pioglitazone 30mg tablets,23487611000001105,AMP,0601023B0AAABAB
20357611000001105,Pioglitazone 30mg tablets,20357611000001105,AMP,0601023B0AAABAB
19469411000001103,Pioglitazone 30mg tablets,19469411000001103,AMP,0601023B0AAABAB
32493011000001104,Pioglitazone 30mg tablets,32493011000001104,AMP,0601023B0AAABAB
30112111000001103,Pioglitazone 30mg tablets,30112111000001103,AMP,0601023B0AAABAB
19593111000001104,Pioglitazone 30mg tablets,19593111000001104,AMP,0601023B0AAABAB
19476411000001104,Pioglitazone 30mg tablets,19476411000001104,AMP,0601023B0AAABAB
30857211000001105,Pioglitazone 30mg tablets,30857211000001105,AMP,0601023B0AAABAB
39187811000001106,Pioglitazone 30mg tablets,39187811000001106,AMP,0601023B0AAABAB
24134911000001102,Pioglitazone 30mg tablets,24134911000001102,AMP,0601023B0AAABAB
20320211000001108,Pioglitazone 30mg tablets,20320211000001108,AMP,0601023B0AAABAB
29986011000001101,Pioglitazone 30mg tablets,29986011000001101,AMP,0601023B0AAABAB
22949311000001108,Pioglitazone 30mg tablets,22949311000001108,AMP,0601023B0AAABAB
21764211000001101,Pioglitazone 30mg tablets,21764211000001101,AMP,0601023B0AAABAB
36857111000001109,Pioglitazone 30mg tablets,36857111000001109,AMP,0601023B0AAABAB
33598911000001107,Pioglitazone 30mg tablets,33598911000001107,AMP,0601023B0AAABAB
21848311000001109,Pioglitazone 30mg tablets,21848311000001109,AMP,0601023B0AAABAB
20917111000001104,Pioglitazone 30mg tablets,20917111000001104,AMP,0601023B0AAABAB
42086411000001109,Pioglitazone 45mg tablets,42086411000001109,VMP,0601023B0AAACAC
19473511000001108,Pioglitazone 45mg tablets,19473511000001108,AMP,0601023B0AAACAC
23487811000001109,Pioglitazone 45mg tablets,23487811000001109,AMP,0601023B0AAACAC
20357811000001109,Pioglitazone 45mg tablets,20357811000001109,AMP,0601023B0AAACAC
19469611000001100,Pioglitazone 45mg tablets,19469611000001100,AMP,0601023B0AAACAC
32493211000001109,Pioglitazone 45mg tablets,32493211000001109,AMP,0601023B0AAACAC
30112311000001101,Pioglitazone 45mg tablets,30112311000001101,AMP,0601023B0AAACAC
19593311000001102,Pioglitazone 45mg tablets,19593311000001102,AMP,0601023B0AAACAC
19476611000001101,Pioglitazone 45mg tablets,19476611000001101,AMP,0601023B0AAACAC
30857411000001109,Pioglitazone 45mg tablets,30857411000001109,AMP,0601023B0AAACAC
39188011000001104,Pioglitazone 45mg tablets,39188011000001104,AMP,0601023B0AAACAC
24135111000001101,Pioglitazone 45mg tablets,24135111000001101,AMP,0601023B0AAACAC
20320611000001105,Pioglitazone 45mg tablets,20320611000001105,AMP,0601023B0AAACAC
29986211000001106,Pioglitazone 45mg tablets,29986211000001106,AMP,0601023B0AAACAC
22949511000001102,Pioglitazone 45mg tablets,22949511000001102,AMP,0601023B0AAACAC
21764511000001103,Pioglitazone 45mg tablets,21764511000001103,AMP,0601023B0AAACAC
36857411000001104,Pioglitazone 45mg tablets,36857411000001104,AMP,0601023B0AAACAC
33598711000001105,Pioglitazone 45mg tablets,33598711000001105,AMP,0601023B0AAACAC
21848511000001103,Pioglitazone 45mg tablets,21848511000001103,AMP,0601023B0AAACAC
20917311000001102,Pioglitazone 45mg tablets,20917311000001102,AMP,0601023B0AAACAC
13440011000001109,Pioglitazone 30mg/5ml oral suspension,13440011000001109,VMP,0601023B0AAADAD
13435011000001104,Pioglitazone 30mg/5ml oral suspension,13435011000001104,AMP,0601023B0AAADAD
16036811000001104,Pioglitazone 15mg/5ml oral suspension,16036811000001104,VMP,0601023B0AAAEAE
16007611000001109,Pioglitazone 15mg/5ml oral suspension,16007611000001109,AMP,0601023B0AAAEAE
18595311000001103,Pioglitazone 45mg/5ml oral suspension,18595311000001103,VMP,0601023B0AAAFAF
18567011000001105,Pioglitazone 45mg/5ml oral suspension,18567011000001105,AMP,0601023B0AAAFAF
58011000001106,Actos 15mg tablets,58011000001106,AMP,0601023B0BBAAAA
446711000001101,Actos 30mg tablets,446711000001101,AMP,0601023B0BBABAB
5199411000001105,Actos 45mg tablets,5199411000001105,AMP,0601023B0BBACAC
19957811000001101,Glizofar 15mg tablets,19957811000001101,AMP,0601023B0BCAAAA
19958011000001108,Glizofar 30mg tablets,19958011000001108,AMP,0601023B0BCABAB
19958211000001103,Glizofar 45mg tablets,19958211000001103,AMP,0601023B0BCACAC
20022911000001104,Glizofar 15mg tablets,20022911000001104,AMP,0601023B0BCADAA
20023111000001108,Glizofar 30mg tablets,20023111000001108,AMP,0601023B0BCAEAB
20023411000001103,Glizofar 45mg tablets,20023411000001103,AMP,0601023B0BCAFAC
23369611000001106,Glidipion 30mg tablets,23369611000001106,AMP,0601023B0BDAAAB
23372211000001107,Glidipion 45mg tablets,23372211000001107,AMP,0601023B0BDABAC
28940811000001104,Glidipion 15mg tablets,28940811000001104,AMP,0601023B0BDACAA
29742811000001105,Diabiom 15mg tablets,29742811000001105,AMP,0601023B0BEAAAA
29743011000001108,Diabiom 30mg tablets,29743011000001108,AMP,0601023B0BEABAB
29743211000001103,Diabiom 45mg tablets,29743211000001103,AMP,0601023B0BEACAC
42088311000001103,Repaglinide 500microgram tablets,42088311000001103,VMP,0601023R0AAAAAA
19361711000001104,Repaglinide 500microgram tablets,19361711000001104,AMP,0601023R0AAAAAA
20773611000001101,Repaglinide 500microgram tablets,20773611000001101,AMP,0601023R0AAAAAA
19299911000001107,Repaglinide 500microgram tablets,19299911000001107,AMP,0601023R0AAAAAA
19360311000001108,Repaglinide 500microgram tablets,19360311000001108,AMP,0601023R0AAAAAA
19277111000001106,Repaglinide 500microgram tablets,19277111000001106,AMP,0601023R0AAAAAA
20566211000001103,Repaglinide 500microgram tablets,20566211000001103,AMP,0601023R0AAAAAA
30829111000001109,Repaglinide 500microgram tablets,30829111000001109,AMP,0601023R0AAAAAA
45579811000001109,Repaglinide 500microgram tablets,45579811000001109,AMP,0601023R0AAAAAA
30875411000001101,Repaglinide 500microgram tablets,30875411000001101,AMP,0601023R0AAAAAA
39216011000001104,Repaglinide 500microgram tablets,39216011000001104,AMP,0601023R0AAAAAA
39826811000001109,Repaglinide 500microgram tablets,39826811000001109,AMP,0601023R0AAAAAA
19179211000001108,Repaglinide 500microgram tablets,19179211000001108,AMP,0601023R0AAAAAA
33613711000001105,Repaglinide 500microgram tablets,33613711000001105,AMP,0601023R0AAAAAA
21880011000001100,Repaglinide 500microgram tablets,21880011000001100,AMP,0601023R0AAAAAA
42088111000001100,Repaglinide 1mg tablets,42088111000001100,VMP,0601023R0AAABAB
19362011000001109,Repaglinide 1mg tablets,19362011000001109,AMP,0601023R0AAABAB
20777611000001109,Repaglinide 1mg tablets,20777611000001109,AMP,0601023R0AAABAB
19300511000001103,Repaglinide 1mg tablets,19300511000001103,AMP,0601023R0AAABAB
19360811000001104,Repaglinide 1mg tablets,19360811000001104,AMP,0601023R0AAABAB
19276911000001106,Repaglinide 1mg tablets,19276911000001106,AMP,0601023R0AAABAB
20566511000001100,Repaglinide 1mg tablets,20566511000001100,AMP,0601023R0AAABAB
30088811000001104,Repaglinide 1mg tablets,30088811000001104,AMP,0601023R0AAABAB
45331311000001103,Repaglinide 1mg tablets,45331311000001103,AMP,0601023R0AAABAB
30875711000001107,Repaglinide 1mg tablets,30875711000001107,AMP,0601023R0AAABAB
39216211000001109,Repaglinide 1mg tablets,39216211000001109,AMP,0601023R0AAABAB
38190911000001103,Repaglinide 1mg tablets,38190911000001103,AMP,0601023R0AAABAB
19179511000001106,Repaglinide 1mg tablets,19179511000001106,AMP,0601023R0AAABAB
33614311000001108,Repaglinide 1mg tablets,33614311000001108,AMP,0601023R0AAABAB
21880311000001102,Repaglinide 1mg tablets,21880311000001102,AMP,0601023R0AAABAB
42088211000001106,Repaglinide 2mg tablets,42088211000001106,VMP,0601023R0AAACAC
19362311000001107,Repaglinide 2mg tablets,19362311000001107,AMP,0601023R0AAACAC
20778911000001102,Repaglinide 2mg tablets,20778911000001102,AMP,0601023R0AAACAC
19300811000001100,Repaglinide 2mg tablets,19300811000001100,AMP,0601023R0AAACAC
19361111000001100,Repaglinide 2mg tablets,19361111000001100,AMP,0601023R0AAACAC
19276711000001109,Repaglinide 2mg tablets,19276711000001109,AMP,0601023R0AAACAC
20566811000001102,Repaglinide 2mg tablets,20566811000001102,AMP,0601023R0AAACAC
30089311000001102,Repaglinide 2mg tablets,30089311000001102,AMP,0601023R0AAACAC
30876011000001101,Repaglinide 2mg tablets,30876011000001101,AMP,0601023R0AAACAC
39216411000001108,Repaglinide 2mg tablets,39216411000001108,AMP,0601023R0AAACAC
38191211000001101,Repaglinide 2mg tablets,38191211000001101,AMP,0601023R0AAACAC
19179811000001109,Repaglinide 2mg tablets,19179811000001109,AMP,0601023R0AAACAC
33619611000001104,Repaglinide 2mg tablets,33619611000001104,AMP,0601023R0AAACAC
21880611000001107,Repaglinide 2mg tablets,21880611000001107,AMP,0601023R0AAACAC
152311000001101,NovoNorm 500microgram tablets,152311000001101,AMP,0601023R0BBAAAA
494111000001103,NovoNorm 1mg tablets,494111000001103,AMP,0601023R0BBABAB
840811000001100,NovoNorm 2mg tablets,840811000001100,AMP,0601023R0BBACAC
10952411000001100,Prandin 0.5mg tablets,10952411000001100,AMP,0601023R0BCAAAA
10956911000001107,Prandin 1mg tablets,10956911000001107,AMP,0601023R0BCABAB
10957811000001100,Prandin 2mg tablets,10957811000001100,AMP,0601023R0BCACAC
19306711000001106,Enyglid 0.5mg tablets,19306711000001106,AMP,0601023R0BDAAAA
19306911000001108,Enyglid 1mg tablets,19306911000001108,AMP,0601023R0BDABAB
19307311000001105,Enyglid 2mg tablets,19307311000001105,AMP,0601023R0BDACAC
42089111000001107,Rosiglitazone 4mg tablets,42089111000001107,VMP,0601023S0AAAAAA
42089211000001101,Rosiglitazone 8mg tablets,42089211000001101,VMP,0601023S0AAABAB
922211000001106,Avandia 4mg tablets,922211000001106,AMP,0601023S0BBAAAA
270611000001105,Avandia 8mg tablets,270611000001105,AMP,0601023S0BBABAB
42085911000001108,Nateglinide 60mg tablets,42085911000001108,VMP,0601023U0AAAAAA
42085711000001106,Nateglinide 120mg tablets,42085711000001106,VMP,0601023U0AAABAB
42085811000001103,Nateglinide 180mg tablets,42085811000001103,VMP,0601023U0AAACAC
3650611000001102,Starlix 60mg tablets,3650611000001102,AMP,0601023U0BBAAAA
3651211000001105,Starlix 120mg tablets,3651211000001105,AMP,0601023U0BBABAB
3883511000001107,Starlix 180mg tablets,3883511000001107,AMP,0601023U0BBACAC
42088711000001104,Rosiglitazone 1mg / Metformin 500mg tablets,42088711000001104,VMP,0601023V0AAAAAA
42088911000001102,Rosiglitazone 2mg / Metformin 500mg tablets,42088911000001102,VMP,0601023V0AAABAB
42089011000001106,Rosiglitazone 4mg / Metformin 1g tablets,42089011000001106,VMP,0601023V0AAACAC
42088811000001107,Rosiglitazone 2mg / Metformin 1g tablets,42088811000001107,VMP,0601023V0AAADAD
5302911000001102,Avandamet 1mg/500mg tablets,5302911000001102,AMP,0601023V0BBAAAA
5303611000001103,Avandamet 2mg/500mg tablets,5303611000001103,AMP,0601023V0BBABAB
8174611000001109,Avandamet 4mg/1000mg tablets,8174611000001109,AMP,0601023V0BBACAC
8176311000001105,Avandamet 2mg/1000mg tablets,8176311000001105,AMP,0601023V0BBADAD
42086111000001104,Pioglitazone 15mg / Metformin 850mg tablets,42086111000001104,VMP,0601023W0AAAAAA
35672911000001103,Pioglitazone 15mg / Metformin 850mg tablets,35672911000001103,AMP,0601023W0AAAAAA
36468511000001101,Pioglitazone 15mg / Metformin 850mg tablets,36468511000001101,AMP,0601023W0AAAAAA
37775311000001103,Pioglitazone 15mg / Metformin 850mg tablets,37775311000001103,AMP,0601023W0AAAAAA
40327411000001109,Pioglitazone 15mg / Metformin 850mg tablets,40327411000001109,AMP,0601023W0AAAAAA
35653211000001103,Pioglitazone 15mg / Metformin 850mg tablets,35653211000001103,AMP,0601023W0AAAAAA
36832811000001104,Pioglitazone 15mg / Metformin 850mg tablets,36832811000001104,AMP,0601023W0AAAAAA
10922311000001108,Competact 15mg/850mg tablets,10922311000001108,AMP,0601023W0BBAAAA
42089711000001108,Sitagliptin 100mg tablets,42089711000001108,VMP,0601023X0AAAAAA
41184511000001106,Sitagliptin 100mg tablets,41184511000001106,AMP,0601023X0AAAAAA
41363411000001104,Sitagliptin 100mg tablets,41363411000001104,AMP,0601023X0AAAAAA
44087011000001105,Sitagliptin 100mg tablets,44087011000001105,AMP,0601023X0AAAAAA
41237411000001105,Sitagliptin 100mg tablets,41237411000001105,AMP,0601023X0AAAAAA
42076311000001107,Sitagliptin 100mg tablets,42076311000001107,AMP,0601023X0AAAAAA
42563211000001102,Sitagliptin 100mg tablets,42563211000001102,AMP,0601023X0AAAAAA
41077911000001105,Sitagliptin 100mg tablets,41077911000001105,AMP,0601023X0AAAAAA
41145111000001108,Sitagliptin 100mg tablets,41145111000001108,AMP,0601023X0AAAAAA
43813011000001102,Sitagliptin 100mg tablets,43813011000001102,AMP,0601023X0AAAAAA
41887611000001109,Sitagliptin 100mg tablets,41887611000001109,AMP,0601023X0AAAAAA
42314111000001108,Sitagliptin 100mg tablets,42314111000001108,AMP,0601023X0AAAAAA
43156211000001102,Sitagliptin 100mg tablets,43156211000001102,AMP,0601023X0AAAAAA
41435111000001108,Sitagliptin 100mg tablets,41435111000001108,AMP,0601023X0AAAAAA
40976411000001103,Sitagliptin 100mg tablets,40976411000001103,AMP,0601023X0AAAAAA
43190711000001100,Sitagliptin 100mg tablets,43190711000001100,AMP,0601023X0AAAAAA
42286411000001102,Sitagliptin 100mg tablets,42286411000001102,AMP,0601023X0AAAAAA
42391111000001106,Sitagliptin 100mg tablets,42391111000001106,AMP,0601023X0AAAAAA
41050611000001101,Sitagliptin 100mg tablets,41050611000001101,AMP,0601023X0AAAAAA
40779811000001103,Sitagliptin 100mg tablets,40779811000001103,AMP,0601023X0AAAAAA
45341211000001105,Sitagliptin 100mg tablets,45341211000001105,AMP,0601023X0AAAAAA
40834611000001101,Sitagliptin 100mg tablets,40834611000001101,AMP,0601023X0AAAAAA
42089911000001105,Sitagliptin 50mg tablets,42089911000001105,VMP,0601023X0AAABAB
41184311000001100,Sitagliptin 50mg tablets,41184311000001100,AMP,0601023X0AAABAB
41363111000001109,Sitagliptin 50mg tablets,41363111000001109,AMP,0601023X0AAABAB
44087611000001103,Sitagliptin 50mg tablets,44087611000001103,AMP,0601023X0AAABAB
41237811000001107,Sitagliptin 50mg tablets,41237811000001107,AMP,0601023X0AAABAB
42076111000001105,Sitagliptin 50mg tablets,42076111000001105,AMP,0601023X0AAABAB
42563011000001107,Sitagliptin 50mg tablets,42563011000001107,AMP,0601023X0AAABAB
41077711000001108,Sitagliptin 50mg tablets,41077711000001108,AMP,0601023X0AAABAB
41144911000001107,Sitagliptin 50mg tablets,41144911000001107,AMP,0601023X0AAABAB
43812811000001100,Sitagliptin 50mg tablets,43812811000001100,AMP,0601023X0AAABAB
41887411000001106,Sitagliptin 50mg tablets,41887411000001106,AMP,0601023X0AAABAB
42314711000001109,Sitagliptin 50mg tablets,42314711000001109,AMP,0601023X0AAABAB
43156611000001100,Sitagliptin 50mg tablets,43156611000001100,AMP,0601023X0AAABAB
41434911000001107,Sitagliptin 50mg tablets,41434911000001107,AMP,0601023X0AAABAB
40976211000001102,Sitagliptin 50mg tablets,40976211000001102,AMP,0601023X0AAABAB
43398411000001101,Sitagliptin 50mg tablets,43398411000001101,AMP,0601023X0AAABAB
42286211000001101,Sitagliptin 50mg tablets,42286211000001101,AMP,0601023X0AAABAB
42390911000001102,Sitagliptin 50mg tablets,42390911000001102,AMP,0601023X0AAABAB
41050411000001104,Sitagliptin 50mg tablets,41050411000001104,AMP,0601023X0AAABAB
40780011000001109,Sitagliptin 50mg tablets,40780011000001109,AMP,0601023X0AAABAB
45341011000001100,Sitagliptin 50mg tablets,45341011000001100,AMP,0601023X0AAABAB
40834411000001104,Sitagliptin 50mg tablets,40834411000001104,AMP,0601023X0AAABAB
42089811000001100,Sitagliptin 25mg tablets,42089811000001100,VMP,0601023X0AAACAC
41184111000001102,Sitagliptin 25mg tablets,41184111000001102,AMP,0601023X0AAACAC
41362811000001105,Sitagliptin 25mg tablets,41362811000001105,AMP,0601023X0AAACAC
44087411000001101,Sitagliptin 25mg tablets,44087411000001101,AMP,0601023X0AAACAC
41237611000001108,Sitagliptin 25mg tablets,41237611000001108,AMP,0601023X0AAACAC
42075911000001101,Sitagliptin 25mg tablets,42075911000001101,AMP,0601023X0AAACAC
42562211000001108,Sitagliptin 25mg tablets,42562211000001108,AMP,0601023X0AAACAC
41077411000001102,Sitagliptin 25mg tablets,41077411000001102,AMP,0601023X0AAACAC
41144711000001105,Sitagliptin 25mg tablets,41144711000001105,AMP,0601023X0AAACAC
43811411000001107,Sitagliptin 25mg tablets,43811411000001107,AMP,0601023X0AAACAC
41887211000001107,Sitagliptin 25mg tablets,41887211000001107,AMP,0601023X0AAACAC
42314311000001105,Sitagliptin 25mg tablets,42314311000001105,AMP,0601023X0AAACAC
43156411000001103,Sitagliptin 25mg tablets,43156411000001103,AMP,0601023X0AAACAC
41434711000001105,Sitagliptin 25mg tablets,41434711000001105,AMP,0601023X0AAACAC
40976011000001107,Sitagliptin 25mg tablets,40976011000001107,AMP,0601023X0AAACAC
43396711000001108,Sitagliptin 25mg tablets,43396711000001108,AMP,0601023X0AAACAC
42285811000001108,Sitagliptin 25mg tablets,42285811000001108,AMP,0601023X0AAACAC
42390711000001104,Sitagliptin 25mg tablets,42390711000001104,AMP,0601023X0AAACAC
41049311000001100,Sitagliptin 25mg tablets,41049311000001100,AMP,0601023X0AAACAC
40780211000001104,Sitagliptin 25mg tablets,40780211000001104,AMP,0601023X0AAACAC
45340811000001103,Sitagliptin 25mg tablets,45340811000001103,AMP,0601023X0AAACAC
40834211000001103,Sitagliptin 25mg tablets,40834211000001103,AMP,0601023X0AAACAC
32638311000001101,Sitagliptin 50mg/5ml oral solution,32638311000001101,VMP,0601023X0AAADAD
32625911000001109,Sitagliptin 50mg/5ml oral solution,32625911000001109,AMP,0601023X0AAADAD
32879911000001101,Sitagliptin 50mg/5ml oral suspension,32879911000001101,VMP,0601023X0AAAEAE
32857511000001104,Sitagliptin 50mg/5ml oral suspension,32857511000001104,AMP,0601023X0AAAEAE
41213411000001108,Sitagliptin 100mg/5ml oral solution sugar free,41213411000001108,VMP,0601023X0AAAFAF
41532611000001101,Sitagliptin 100mg/5ml oral solution sugar free,41532611000001101,AMP,0601023X0AAAFAF
41204111000001103,Sitagliptin 100mg/5ml oral solution sugar free,41204111000001103,AMP,0601023X0AAAFAF
41535511000001106,Sitagliptin 125mg/5ml oral solution sugar free,41535511000001106,VMP,0601023X0AAAGAG
42052811000001102,Sitagliptin 25mg/ml oral solution sugar free,42052811000001102,AMP,0601023X0AAAGAG
41401811000001107,Sitagliptin 25mg/ml oral solution sugar free,41401811000001107,AMP,0601023X0AAAGAG
11473711000001108,Januvia 100mg tablets,11473711000001108,AMP,0601023X0BBAAAA
20114811000001100,Januvia 50mg tablets,20114811000001100,AMP,0601023X0BBABAB
20115111000001106,Januvia 25mg tablets,20115111000001106,AMP,0601023X0BBACAC
13413011000001108,Vildagliptin 50mg / Metformin 1g tablets,13413011000001108,VMP,0601023Z0AAAAAA
41449111000001106,Vildagliptin 50mg / Metformin 1g tablets,41449111000001106,AMP,0601023Z0AAAAAA
41326811000001100,Vildagliptin 50mg / Metformin 1g tablets,41326811000001100,AMP,0601023Z0AAAAAA
45670511000001108,Vildagliptin 50mg / Metformin 1g tablets,45670511000001108,AMP,0601023Z0AAAAAA
43991111000001109,Vildagliptin 50mg / Metformin 1g tablets,43991111000001109,AMP,0601023Z0AAAAAA
43185811000001103,Vildagliptin 50mg / Metformin 1g tablets,43185811000001103,AMP,0601023Z0AAAAAA
41210411000001100,Vildagliptin 50mg / Metformin 1g tablets,41210411000001100,AMP,0601023Z0AAAAAA
42169511000001109,Vildagliptin 50mg / Metformin 1g tablets,42169511000001109,AMP,0601023Z0AAAAAA
13413111000001109,Vildagliptin 50mg / Metformin 850mg tablets,13413111000001109,VMP,0601023Z0AAABAB
41448911000001101,Vildagliptin 50mg / Metformin 850mg tablets,41448911000001101,AMP,0601023Z0AAABAB
41327011000001109,Vildagliptin 50mg / Metformin 850mg tablets,41327011000001109,AMP,0601023Z0AAABAB
45670711000001103,Vildagliptin 50mg / Metformin 850mg tablets,45670711000001103,AMP,0601023Z0AAABAB
44174611000001109,Vildagliptin 50mg / Metformin 850mg tablets,44174611000001109,AMP,0601023Z0AAABAB
43186011000001100,Vildagliptin 50mg / Metformin 850mg tablets,43186011000001100,AMP,0601023Z0AAABAB
41210211000001104,Vildagliptin 50mg / Metformin 850mg tablets,41210211000001104,AMP,0601023Z0AAABAB
42169311000001103,Vildagliptin 50mg / Metformin 850mg tablets,42169311000001103,AMP,0601023Z0AAABAB
13412311000001101,Eucreas 50mg/1000mg tablets,13412311000001101,AMP,0601023Z0BBAAAA
13412611000001106,Eucreas 50mg/850mg tablets,13412611000001106,AMP,0601023Z0BBABAB
10925511000001108,VMP previous to 42086111000001104,10925511000001108,VMP,0601023W0AAAAAA
11473511000001103,VMP previous to 42089711000001108,11473511000001103,VMP,0601023X0AAAAAA
134587001,VMP previous to 38896211000001104,134587001,VMP,0601021M0AAAMAM
134608004,VMP previous to 42085811000001103,134608004,VMP,0601023U0AAACAC
134609007,VMP previous to 42085711000001106,134609007,VMP,0601023U0AAABAB
134610002,VMP previous to 42085911000001108,134610002,VMP,0601023U0AAAAAA
16037911000001107,VMP previous to 39703911000001101,16037911000001107,VMP,0601023ACAAAAAA
325063005,VMP previous to 36048411000001102,325063005,VMP,0601011N0AAAPAP
325064004,VMP previous to 36048311000001109,325064004,VMP,0601011N0AAALAL
325065003,VMP previous to 36047611000001103,325065003,VMP,0601011L0AAABAB
325067006,VMP previous to 36047711000001107,325067006,VMP,0601011L0AAACAC
325070005,VMP previous to 36047811000001104,325070005,VMP,0601011L0AAAFAF
325076004,VMP previous to 36047011000001105,325076004,VMP,0601011A0AAAAAA
325100008,VMP previous to 36048811000001100,325100008,VMP,0601012N0AAACAC
325111000,VMP previous to 36047311000001108,325111000,VMP,0601012S0AAALAL
325143000,VMP previous to 36047911000001109,325143000,VMP,0601012U0AAAAAA
325213005,VMP previous to 42081111000001108,325213005,VMP,0601021E0AAAAAA
325214004,VMP previous to 42081211000001102,325214004,VMP,0601021E0AAABAB
325218001,VMP previous to 42082711000001102,325218001,VMP,0601021H0AAAAAA
325219009,VMP previous to 42082811000001105,325219009,VMP,0601021H0AAABAB
325242002,VMP previous to 42082911000001100,325242002,VMP,0601021M0AAAAAA
325243007,VMP previous to 42083511000001100,325243007,VMP,0601021P0AAABAB
325248003,VMP previous to 42083411000001104,325248003,VMP,0601021P0AAAAAA
325251005,VMP previous to 42083611000001101,325251005,VMP,0601021R0AAAAAA
325259007,VMP previous to 42083111000001109,325259007,VMP,0601021A0AAAAAA
325261003,VMP previous to 42083011000001108,325261003,VMP,0601021A0AAABAB
325262005,VMP previous to 42083211000001103,325262005,VMP,0601021A0AAACAC
325263000,VMP previous to 42083311000001106,325263000,VMP,0601021A0AAADAD
325267004,VMP previous to 42090611000001109,325267004,VMP,0601021X0AAADAD
325278007,VMP previous to 42084911000001109,325278007,VMP,0601022B0AAABAB
325279004,VMP previous to 42085111000001105,325279004,VMP,0601022B0AAADAD
326037007,VMP previous to 42080311000001100,326037007,VMP,0601023A0AAAAAA
326038002,VMP previous to 42080211000001108,326038002,VMP,0601023A0AAABAB
326047005,VMP previous to 42088311000001103,326047005,VMP,0601023R0AAAAAA
326048000,VMP previous to 42088111000001100,326048000,VMP,0601023R0AAABAB
326049008,VMP previous to 42088211000001106,326049008,VMP,0601023R0AAACAC
326056002,VMP previous to 42089211000001101,326056002,VMP,0601023S0AAABAB
326057006,VMP previous to 42089111000001107,326057006,VMP,0601023S0AAAAAA
326061000,VMP previous to 42086311000001102,326061000,VMP,0601023B0AAABAB
326062007,VMP previous to 42086211000001105,326062007,VMP,0601023B0AAAAAA
3469111000001107,VMP previous to 38896911000001108,3469111000001107,VMP,0601012V0AAAAAA
3469211000001101,VMP previous to 38897011000001107,3469211000001101,VMP,0601012V0AAADAD
353987005,VMP previous to 36048511000001103,353987005,VMP,0601011N0AAAMAM
353988000,VMP previous to 36047411000001101,353988000,VMP,0601012S0AAAIAI
371418007,VMP previous to 36048111000001107,371418007,VMP,0601011N0AAAAAA
371419004,VMP previous to 36048011000001106,371419004,VMP,0601011N0AAATAT
371430001,VMP previous to 36048711000001108,371430001,VMP,0601011N0AAACAC
371483009,VMP previous to 36048611000001104,371483009,VMP,0601011N0AAAWAW
371485002,VMP previous to 36048211000001101,371485002,VMP,0601011N0AAADAD
371496005,VMP previous to 36047511000001102,371496005,VMP,0601011L0AAAAAA
374897009,VMP previous to 42086411000001109,374897009,VMP,0601023B0AAACAC
386047000,VMP previous to 39113511000001101,386047000,VMP,0601022B0AAASAS
400780006,VMP previous to 38896911000001108,400780006,VMP,0601012V0AAAAAA
400844000,VMP previous to 36048911000001105,400844000,VMP,0601012G0AAAHAH
400847007,VMP previous to 36047111000001106,400847007,VMP,0601012V0AAABAB
400877001,VMP previous to 38897011000001107,400877001,VMP,0601012V0AAADAD
409121008,VMP previous to 42088711000001104,409121008,VMP,0601023V0AAAAAA
409122001,VMP previous to 42088911000001102,409122001,VMP,0601023V0AAABAB
409124000,VMP previous to 42088811000001107,409124000,VMP,0601023V0AAADAD
409125004,VMP previous to 42089011000001106,409125004,VMP,0601023V0AAACAC
409197000,VMP previous to 42085011000001109,409197000,VMP,0601022B0AAAIAI
409361001,VMP previous to 38893811000001107,409361001,VMP,0601022B0AAATAT
411533003,VMP previous to 38893711000001104,411533003,VMP,0601022B0AAAVAV
412448008,VMP previous to 36047211000001100,412448008,VMP,0601011P0AAAAAA
419873003,VMP previous to 42086111000001104,419873003,VMP,0601023W0AAAAAA
423962004,VMP previous to 42089811000001100,423962004,VMP,0601023X0AAACAC
424345005,VMP previous to 42089711000001108,424345005,VMP,0601023X0AAAAAA
424513004,VMP previous to 42089911000001105,424513004,VMP,0601023X0AAABAB
443067000,VMP previous to 39703811000001106,443067000,VMP,0601023ACAAABAB
443713000,VMP previous to 39703911000001101,443713000,VMP,0601023ACAAAAAA
5211211000001108,VMP previous to 42086411000001109,5211211000001108,VMP,0601023B0AAACAC
5322611000001103,VMP previous to 42088711000001104,5322611000001103,VMP,0601023V0AAAAAA
5322711000001107,VMP previous to 42088911000001102,5322711000001107,VMP,0601023V0AAABAB
8175511000001106,VMP previous to 42089011000001106,8175511000001106,VMP,0601023V0AAACAC
8285611000001103,VMP previous to 42088811000001107,8285611000001103,VMP,0601023V0AAADAD
8664311000001109,VMP previous to 42085011000001109,8664311000001109,VMP,0601022B0AAAIAI
8991411000001102,VMP previous to 39113511000001101,8991411000001102,VMP,0601022B0AAASAS
