patient_id,address_id,end_date,has_postcode,imd_rounded,start_date
1,1294,1934-03-11,T,32100,1931-03-30
1,818,1935-10-21,,2700,1935-10-07
1,427,1936-04-09,F,10400,1935-07-19
1,-523,1936-01-23,T,24300,1932-12-05
2,1689,2001-10-17,,21800,1980-06-01
2,437,2024-03-17,T,4900,1929-05-12
2,-226,1972-10-20,T,16900,1952-07-27
2,-1535,2006-04-20,,27600,1986-06-24
2,1697,2018-09-26,,14700,1966-12-07
2,1101,1997-11-25,,20200,1929-05-10
2,-156,2011-05-24,T,16000,2001-05-03
2,-1040,2025-10-12,T,25000,2009-11-05
3,-390,2000-10-28,F,13800,1980-06-15
3,1235,1988-11-06,F,14700,1972-02-08
3,1464,1998-12-12,,25000,1976-07-01
3,1494,1991-09-22,F,27600,1967-05-17
3,986,1988-08-25,F,11800,1965-08-08
3,1040,2016-05-18,T,13800,2012-09-09
3,-1137,1998-12-24,T,31800,1968-05-12
4,1448,1993-09-24,F,16000,1980-01-26
4,-824,2015-01-18,T,24400,1998-01-16
5,182,2020-08-07,F,13300,2019-09-20
5,-1728,2025-06-01,T,10500,2019-08-08
6,1733,2020-06-17,F,26700,2001-03-13
7,-38,2017-11-22,,20200,1997-03-30
7,-201,2025-03-05,T,24800,1985-02-21
8,-1656,2008-08-26,T,9300,1955-03-23
8,-1059,1969-10-23,T,24600,1958-11-30
8,1705,2020-06-29,,18800,2003-10-30
8,-670,2017-07-19,,12500,1933-01-27
8,-692,1987-10-10,,15300,1974-04-20
8,-458,2025-07-02,T,10400,1957-04-11
8,-1037,2016-02-04,,15500,1967-12-15
9,-1216,1975-11-22,,30600,1974-06-29
9,296,1988-08-25,F,20400,1963-11-23
9,1872,1983-03-24,,19900,1970-10-06
9,1832,1985-01-31,F,1800,1983-03-22
9,246,1991-03-16,,31500,1967-07-16
9,-1805,1991-04-01,F,20100,1973-12-22
9,45,1989-03-10,,2900,1975-07-16
9,-1901,1983-07-31,F,12900,1965-07-17
9,-455,1971-07-07,F,100,1967-03-27
9,-671,1988-04-08,F,1000,1977-10-21
9,209,1986-11-30,,28600,1972-06-20
9,1582,1975-03-09,F,19900,1972-04-26
9,-61,1980-01-11,F,6200,1975-01-16
9,-1395,1991-01-26,,22200,1983-03-06
9,1967,1991-01-18,F,32300,1967-04-18
11,481,2020-02-05,,22400,2017-07-29
12,-174,1997-08-09,,23000,1959-06-12
12,-1325,1947-04-02,T,13500,1932-10-01
14,541,1996-05-16,T,4600,1986-11-12
16,-1323,2022-08-21,T,7700,2021-01-25
16,-28,2022-04-07,,9000,2018-03-13
16,-88,2026-03-05,,24900,2023-10-09
16,-197,2021-08-21,,26300,2016-04-05
16,-527,2013-12-21,,28700,2013-02-06
17,1398,1938-04-03,F,17800,1933-11-16
17,1329,1992-11-20,F,24300,1973-12-01
17,-456,2005-03-01,,17200,1967-12-24
17,-499,1991-05-02,,24600,1959-02-22
18,-207,2017-07-13,,27700,1930-10-16
18,-1221,2024-07-05,,2000,1904-12-18
19,609,1990-04-10,F,10500,1983-11-22
19,1826,1996-06-30,T,9100,1995-08-31
19,1331,2008-01-13,T,200,1980-12-31
19,546,2024-08-29,T,8700,2002-09-23
20,387,2013-02-25,,19100,1908-06-19
20,1444,1996-06-10,,30800,1954-03-17
20,1632,1985-03-03,,15200,1916-06-29
22,-1886,2004-08-25,F,17800,1978-08-29
23,1177,2010-10-01,,15400,2006-05-21
23,1637,2013-07-11,,11900,1981-07-02
23,-194,2017-09-04,,23100,2007-12-18
23,-1617,2012-10-02,,28500,2003-07-06
23,135,1997-01-15,,31000,1967-09-20
24,-1016,1982-09-19,,,1971-04-10
24,-1861,2020-02-11,T,1100,1975-05-08
24,-443,2014-06-12,T,23500,2001-11-11
24,-933,1995-03-21,,200,1977-02-08
24,1437,1992-06-30,T,10400,1984-01-23
24,-1363,1990-05-31,T,29300,1942-11-11
25,-1456,2013-09-26,,32000,2011-12-06
25,-1211,2013-09-29,,14900,2013-02-13
26,453,1956-04-09,T,9500,1953-11-27
26,-235,1990-11-19,,20200,1967-12-13
26,1269,1985-10-16,,25500,1973-11-29
26,-1531,1971-06-18,T,7700,1967-03-01
29,1671,2021-07-14,T,11000,2020-06-21
29,-1630,2021-09-19,T,4500,2016-05-23
29,532,2025-05-19,T,7800,2018-08-12
29,910,2021-08-27,T,11100,2021-01-16
29,1456,2023-02-23,,27000,2022-12-16
29,-881,2025-10-02,T,2600,2020-03-20
30,-22,2009-05-20,F,13500,1986-04-22
30,-678,2024-07-15,,17300,2004-12-24
30,-177,2026-04-17,F,19500,2004-05-26
30,1604,2023-06-16,,1900,2015-07-28
30,-33,2012-05-09,,10100,1980-10-10
30,811,1986-09-26,,26700,1964-11-14
30,1104,2006-04-03,F,19000,2000-01-18
30,-1643,2022-12-28,T,12900,2015-04-04
30,-1939,2012-01-11,F,12300,1985-11-04
30,517,2020-05-26,F,26400,2001-02-13
30,1927,1978-04-08,T,22000,1965-01-30
30,-1716,1978-02-05,,16700,1977-09-13
30,-1435,1994-04-16,,22900,1980-04-22
30,-435,2022-08-11,F,31100,2021-08-25
30,-873,1984-05-07,F,3000,1967-10-24
30,-1807,1993-03-07,T,10100,1973-03-20
30,1078,2002-11-01,T,31100,1986-07-17
30,1678,2018-05-13,,5000,1992-02-29
31,-1907,2020-08-19,T,14900,1997-01-25
31,62,2004-11-19,F,8500,1973-11-01
31,1754,2006-09-15,T,17200,1997-07-09
32,597,2025-08-11,T,22700,2021-12-25
32,363,2021-01-23,F,2400,2000-03-21
32,12,2026-05-26,T,600,2006-04-11
32,-970,2020-11-07,F,31700,1996-07-09
32,1253,2011-03-28,,26500,2001-09-23
32,-1119,2011-02-04,F,26500,1997-09-04
33,-945,1955-01-08,,4600,1909-04-29
34,1365,1991-04-16,F,4900,1966-05-16
34,1536,1980-03-14,T,18300,1967-01-28
34,503,2009-09-07,F,14800,1983-08-11
36,-808,2024-08-26,,31900,2022-08-12
36,1441,2024-12-04,,7000,2021-07-10
37,329,2017-04-12,,19400,1943-03-31
37,-1578,1913-11-30,F,32700,1910-09-09
37,-1336,1946-10-15,F,4000,1926-06-04
38,1128,1979-06-01,,11900,1976-10-01
38,1630,2000-10-06,T,25000,1958-05-11
38,1055,1984-01-15,T,8800,1976-08-12
38,-1962,2008-03-31,T,29700,1969-10-12
38,148,2019-08-23,T,26800,1995-02-12
38,975,1997-12-05,,8300,1950-12-21
38,1300,1983-06-04,,14800,1963-08-26
38,-685,2007-08-23,,24600,1995-12-31
38,-1013,1988-10-04,,27900,1981-06-26
38,-1981,1976-02-25,T,13300,1968-04-15
38,-1206,2007-07-01,,21600,1981-11-26
39,-1880,2025-04-17,F,32600,2013-01-25
39,546,2025-05-24,,27600,2010-09-29
39,1439,2011-12-14,T,20200,1992-01-09
39,-1994,2022-12-09,F,24300,2019-06-06
39,-1258,2003-06-12,,1700,1992-05-31
41,293,2000-10-26,T,4500,1994-09-09
42,1380,1948-03-06,,21900,1939-01-20
42,919,2019-03-17,,1000,1959-03-25
42,1815,2015-10-17,,24400,1975-08-26
42,-928,1939-05-12,T,10100,1938-09-10
42,-613,2022-09-30,T,11200,1987-07-03
42,1674,1968-04-01,T,8800,1962-02-06
43,-1744,2025-10-27,,21500,2004-07-27
43,1186,2017-05-30,,3100,2015-01-07
43,459,2019-07-01,,800,2009-12-14
44,-620,2007-08-18,F,6300,1913-08-01
44,-1010,2023-06-17,F,18100,1977-09-28
45,1174,1981-02-26,,1400,1922-10-03
45,-1141,2010-11-17,,19400,1928-09-22
45,642,2019-11-06,T,19400,1910-02-01
45,-499,1991-09-22,T,6100,1959-03-05
45,1551,1991-08-30,,16100,1972-08-08
45,1874,2010-01-22,,23100,1951-01-26
45,1217,2015-03-26,,9000,1956-05-22
47,1669,2018-10-09,,1200,
47,609,2020-06-01,,19300,2009-12-04
47,1418,2017-08-26,F,2000,2014-08-20
47,623,2025-03-31,F,11800,1992-06-13
47,447,2005-08-14,,13500,1994-04-16
47,172,2024-02-28,,11900,1990-01-05
47,-91,2002-12-14,,31400,1988-05-03
47,962,2021-01-07,T,2500,2016-12-29
47,-1501,2004-03-07,F,5900,1985-02-20
47,941,2001-03-11,F,29200,1992-05-30
48,-1686,2019-08-24,T,31300,2014-10-13
48,-104,2025-03-23,,27900,2022-11-09
48,-1871,2026-02-13,,3700,2019-04-10
48,-821,2024-07-27,T,31300,2018-07-12
48,-383,2019-06-28,T,,2016-04-11
50,-1042,2008-11-04,F,19900,2007-03-19
50,1605,2016-11-18,T,26300,2002-08-06
51,198,1984-05-05,,22000,1973-12-24
51,1801,1982-08-18,F,0,1973-03-01
51,1994,2000-10-10,,29300,1985-08-26
54,34,1992-12-07,T,7000,1956-01-25
56,1401,1981-10-02,T,18400,1960-03-04
56,487,2007-11-12,F,24400,1966-05-23
56,1287,2011-12-14,T,8100,1969-12-30
56,1350,2017-06-01,,6700,1971-03-03
57,-1435,2017-12-28,,10400,1982-01-19
57,-1675,1979-04-28,,100,1951-01-24
58,378,2023-03-03,F,14300,2019-01-17
58,779,2017-07-02,,22500,1997-12-23
58,-1320,1977-08-15,F,24300,1973-12-02
58,1167,2024-10-18,,6300,1988-06-03
58,-728,2003-03-06,,15800,1982-03-21
58,1569,2018-10-06,,1000,1979-01-19
59,-1050,2025-11-04,,2500,2008-12-22
59,-615,2021-10-08,F,19900,2018-10-29
59,-1824,2021-10-06,T,15700,2015-09-08
59,-1641,2021-10-13,T,15000,2017-02-05
59,888,2012-03-29,,2400,2012-02-15
59,-1163,2013-02-12,T,24300,2010-12-13
59,-360,2017-06-09,T,15800,2016-05-06
59,442,2020-07-12,F,7000,2011-01-01
61,488,2022-01-17,T,29400,2019-02-02
61,-381,2026-07-11,,22500,2019-02-21
61,-1126,2023-08-30,T,12700,2022-03-24
64,-943,2014-06-09,F,21600,2001-11-15
64,-946,2015-11-07,T,9600,2015-03-17
64,-1475,2014-06-21,,19700,1999-11-01
64,84,2020-06-05,T,23900,2018-10-22
64,309,2018-07-13,F,24000,2007-01-23
65,1239,1997-10-09,F,16700,1979-02-15
65,1225,1981-12-28,T,7700,1928-05-09
65,86,1963-08-26,F,21800,1956-11-21
65,1768,2009-05-02,,12900,1976-01-31
65,-1043,1996-11-30,,,1984-05-02
65,-313,1969-07-10,F,17400,1942-03-15
65,1126,1935-06-08,F,4700,1926-11-01
65,316,2000-03-03,,19600,1990-11-01
65,-973,1946-04-05,T,9300,1924-05-24
65,183,1947-04-02,,32600,1939-07-31
65,45,2004-05-07,T,16400,1998-04-03
65,907,1997-11-23,,19000,1954-07-09
65,1752,1972-01-14,,13500,1969-01-10
65,1230,1996-12-20,,27600,1930-09-24
65,-365,1979-01-10,,800,1947-08-07
65,-480,1979-03-07,T,7000,1977-06-23
65,1072,1964-09-05,F,24400,1935-10-09
67,-948,2025-06-18,,18000,2015-08-14
67,1567,2021-06-03,T,29500,2020-09-13
67,-1923,2019-08-19,F,14700,2017-10-23
68,779,2018-02-12,F,18700,2009-06-27
69,1372,2019-02-09,,15600,1994-07-25
69,-1788,2022-04-01,,32300,1994-09-05
69,1970,2009-06-19,,1200,1998-05-07
70,1347,2016-03-02,,18000,1985-10-28
71,-535,2003-12-29,F,29900,2001-11-12
71,12,1993-11-07,T,11600,1991-07-15
71,321,2008-12-19,T,1500,1995-06-02
71,1271,2008-12-30,T,28500,1992-10-06
72,697,1991-07-25,F,24000,1948-01-20
74,1891,2013-07-16,,24000,1983-05-30
74,-453,2006-05-29,T,22100,1992-06-04
74,-1760,2016-09-21,,10600,1997-12-04
74,1528,2023-08-11,T,15700,2020-07-21
74,1412,1997-12-25,T,,1986-02-17
74,-1013,1996-08-12,,16300,1994-10-09
74,-1372,2014-02-16,,24500,1991-04-19
74,-1156,1999-06-22,T,31300,1996-01-15
74,919,2024-08-03,T,10500,1986-07-15
74,-1225,2024-03-28,T,26900,2021-04-29
75,-1126,2015-10-27,F,30000,2014-05-14
75,-1711,2006-05-01,,21300,2004-07-09
77,738,2005-03-06,T,3900,1988-12-12
77,-129,2009-09-27,T,13100,1960-07-19
78,-1393,2023-09-28,,8200,2020-06-04
80,950,2016-10-22,,30800,1947-10-08
80,1934,2019-03-09,T,17400,1940-06-22
81,21,2005-11-29,,0,1978-03-12
81,-1952,2002-11-08,F,24100,1998-09-19
81,1622,2005-03-08,,8300,1988-12-03
81,1701,1987-04-15,,15100,1982-07-05
81,-765,2000-02-07,,6100,1995-05-28
81,-639,2025-07-02,,31900,2013-07-01
81,-312,2019-11-17,F,3500,2008-07-11
81,178,2011-07-22,F,24500,2008-05-06
81,633,2022-02-14,F,28300,2010-02-03
82,-933,1999-03-19,T,31100,1985-05-23
82,-863,1994-06-10,,13500,1980-09-16
82,1725,2019-11-10,,800,1982-10-29
82,1694,2013-01-27,T,19600,1976-04-28
82,-1595,1988-10-29,T,5000,1987-06-05
82,-1396,2025-04-02,,31100,2017-12-22
82,54,2023-06-21,T,16900,2011-11-19
83,-1828,2020-11-29,,18400,2017-06-02
83,800,2021-10-13,,300,2017-05-01
83,711,2025-07-14,,8500,2011-07-13
83,-682,2023-07-02,,13400,2014-01-29
83,-1861,2018-05-22,,11600,2009-04-01
83,-1141,2021-09-18,,6500,2018-02-28
83,-1732,2015-09-29,,16900,2012-07-01
83,1268,2022-05-01,,21400,2021-08-14
83,1252,2024-03-31,T,28700,2020-04-14
83,-945,2023-06-05,T,1300,2012-09-18
83,-1642,2021-12-06,T,500,2021-09-19
83,1818,2013-07-19,T,30500,2009-11-01
83,751,2018-11-13,,9300,2011-02-18
84,1586,2006-07-31,T,5800,2003-01-03
84,-1609,2009-11-27,T,9600,2009-11-24
84,-1506,2015-08-13,,10600,2010-06-23
84,328,2006-04-29,F,25400,2004-09-17
84,-1568,2008-10-31,F,12800,2008-08-26
85,-48,2003-09-01,F,24900,1918-06-12
85,217,2015-04-16,,18200,2009-08-30
85,-1249,1990-04-22,T,24800,1938-08-22
86,-1202,2021-09-27,T,300,2018-12-22
89,-1306,2025-08-31,F,13800,1989-08-13
89,-214,1994-04-29,F,9700,1982-12-24
90,-1907,2023-03-16,,31700,2021-01-16
91,1020,1990-09-29,,5700,1925-07-06
91,1351,1984-10-03,T,19800,1927-12-27
92,1332,2013-10-12,,19200,2008-03-04
92,855,2019-05-09,T,1700,2005-06-20
93,655,2011-05-15,,22200,1946-03-22
93,202,2005-06-23,F,7300,2002-03-14
93,949,2020-01-02,F,30400,2002-10-26
94,715,2003-05-28,,31300,2000-12-26
94,-1194,2019-12-08,,21600,2016-02-22
95,13,2023-10-28,F,18000,2016-08-06
95,-1715,2012-03-23,F,19800,2000-02-04
95,-21,2012-12-27,F,13700,2003-07-28
95,-1663,2021-01-23,F,2500,2000-08-17
95,-790,2004-12-23,,6900,1994-06-28
95,-1056,2016-09-25,,15100,2011-10-10
95,256,2022-09-09,F,27900,1997-09-27
95,1046,2019-06-16,,13700,1996-11-22
96,-1451,2012-07-06,T,5400,1987-04-05
96,-394,1998-05-29,F,16700,1996-03-31
96,1154,2021-06-01,,17000,2018-03-08
96,-275,1998-12-04,F,32700,1977-11-08
96,-610,2007-04-06,F,21600,1980-05-19
96,379,2014-06-08,F,30500,2001-12-21
96,1631,2002-06-08,T,31100,1987-11-06
96,-482,2015-04-08,T,6300,2013-01-21
97,1822,2000-12-03,,22200,1971-11-04
97,214,1989-04-16,T,20200,1972-01-03
97,-1090,2009-12-19,,32600,1984-03-16
97,-1957,2018-06-27,T,8500,2011-12-17
97,-1016,1985-02-05,,28900,1982-01-12
97,458,1999-04-08,F,7300,1991-08-02
97,16,2012-05-21,T,11700,1983-08-10
97,1406,2026-07-26,F,8500,1978-01-25
97,727,2024-02-03,F,200,2007-03-22
97,977,2024-11-25,F,22300,1999-03-19
97,-231,2016-04-19,F,25900,2012-04-24
98,-1309,2024-05-08,,28700,2019-02-16
98,-782,2018-10-12,F,7200,2017-05-28
98,-1093,2022-01-31,T,22600,2015-09-02
98,-247,2009-11-05,F,15000,2007-09-26
98,1468,2015-10-26,F,23900,2008-05-26
98,872,2023-12-07,T,9900,2008-04-24
98,1812,2013-12-15,,20600,2012-10-14
98,-1349,2023-07-21,,7300,2018-08-14
100,-484,1998-08-21,T,32800,1985-09-16
100,174,1978-05-25,,13000,1969-10-23
100,1448,1967-06-09,T,25800,1928-05-08
100,1602,2017-09-24,,17200,2004-07-02
101,1627,1995-07-11,,27500,1983-08-28
102,,2016-12-12,F,18000,1991-09-30
102,1828,1959-04-29,,,1943-06-14
103,-1456,2020-03-17,,11800,2013-07-19
103,-1369,2019-02-20,T,27300,2015-04-13
105,-620,1994-10-17,F,18100,1975-08-02
106,-1893,2025-02-19,T,27600,1997-11-22
106,1458,2021-06-23,F,2400,1994-02-08
106,1651,2017-04-26,,16900,2015-01-25
106,487,2006-09-18,,1300,1991-10-22
106,-848,2025-07-08,F,15100,2009-07-03
106,96,2020-12-28,F,16100,2015-08-27
109,-1717,1999-01-14,T,2500,1989-11-22
109,1364,2003-06-12,T,11300,2002-08-30
109,-1521,1992-03-19,T,10100,1987-11-14
109,1653,2014-05-03,F,19100,1997-03-03
109,,2014-02-11,,13900,1995-07-28
109,-1107,1998-08-09,F,4600,1996-04-07
109,-50,2003-02-10,T,700,1994-10-08
109,84,2026-07-06,F,12900,2022-10-16
109,1360,2023-05-01,F,26400,2016-09-09
109,-1939,2012-04-18,T,16000,2011-11-11
109,1876,2018-07-27,,10800,2008-07-01
109,-1257,2013-05-26,F,6200,2008-05-25
111,-1635,2025-08-29,,30400,2025-06-12
111,-1000,2026-04-05,T,16600,2026-01-04
111,-303,2026-07-12,,27800,2026-01-06
111,-8,2026-05-26,,24000,2025-07-17
111,870,2026-06-04,,29400,2025-06-30
111,-1571,2026-07-28,T,32200,2025-09-17
112,-1291,1996-08-21,,5100,1990-02-06
113,122,1967-06-16,T,1300,1960-10-03
113,1902,2017-07-15,T,27300,2003-09-15
113,1934,2016-03-23,,22800,1988-06-22
113,-745,2008-09-03,,17300,1959-06-10
113,-1902,2005-02-06,T,5300,1953-07-10
113,-3,1969-11-23,T,16700,1944-12-09
114,-30,1943-07-14,F,4700,1926-02-08
114,-524,2018-03-20,,4300,2006-04-24
114,-742,2016-07-01,T,16400,1931-04-08
114,261,2022-11-10,F,12300,1982-04-11
114,1293,2021-02-12,T,11400,1919-03-23
114,-1303,1983-08-11,F,11400,1963-09-29
114,1640,1964-04-20,,5000,1930-07-04
114,1654,1969-03-08,T,27600,1964-08-17
115,1257,1992-06-27,,11700,1971-07-03
116,-1461,1990-08-05,T,28200,1931-10-27
116,1880,2022-06-19,F,26700,1944-07-30
117,1794,1995-07-09,F,13400,1981-01-01
117,1241,1958-06-15,F,22300,1919-11-27
117,-796,1983-04-29,F,10800,1909-03-25
117,1599,1982-08-21,F,20900,1950-12-01
117,50,1960-12-30,F,18700,1931-09-25
118,1027,1997-06-21,,20000,1985-12-08
118,1475,2019-08-05,F,19100,2011-06-05
118,-942,2004-12-12,F,1500,1998-08-31
119,684,2015-02-06,F,17800,1971-08-31
119,-703,1961-02-05,,9200,1948-12-31
120,-957,1962-03-11,F,29700,1937-01-21
120,-902,1976-10-23,,24900,1961-07-26
120,-420,2001-08-23,F,27400,1983-12-26
120,-1926,1976-03-27,,22400,1951-11-24
120,-695,2017-05-17,F,19300,1965-04-25
120,1060,2010-07-04,F,10800,1936-03-08
120,962,1998-05-15,F,22800,1947-07-21
120,-27,1987-10-17,,20600,1955-07-19
120,1855,1951-01-23,,21700,1949-09-08
121,1218,2026-05-10,F,31600,2016-04-16
121,349,1996-09-01,F,21500,1992-12-20
121,449,2015-08-31,,1200,1985-06-14
121,1560,1994-12-25,T,17000,1991-03-25
121,294,2006-03-08,,3700,1989-12-18
121,1277,2024-08-19,T,28500,2009-10-29
121,1101,2004-12-04,T,21500,2003-01-31
121,-1908,2015-03-11,T,14800,2002-05-07
121,-1802,2022-09-26,F,21200,1990-02-10
121,1194,2014-11-21,T,25800,2001-09-09
121,516,2009-08-11,,23800,2003-09-20
122,2,1994-02-25,,100,1966-08-07
122,-596,1976-06-06,T,6500,1935-02-15
123,1530,2021-07-24,,23300,2018-09-30
123,-1524,2021-06-24,,21200,1998-12-02
123,353,2017-05-12,T,10500,2012-06-19
123,1976,2024-04-14,,11500,1995-04-12
123,993,2021-09-17,,27600,2012-01-02
124,1913,1995-06-15,,6300,1937-08-28
124,-1212,1988-07-14,F,4700,1978-04-12
124,-1460,2023-03-01,,30100,1950-09-09
124,1192,1980-09-30,,23200,1965-08-29
124,632,1985-05-01,,13200,1969-08-16
124,-1441,2007-06-09,F,25200,1966-06-07
124,-827,1988-09-22,,28200,1977-02-01
124,-1065,1975-07-04,F,12200,1938-07-14
124,1020,1977-08-07,F,31900,1948-01-09
125,-1558,2020-12-08,F,26900,2009-11-02
125,-1656,2024-02-11,F,15400,2022-09-01
125,-828,2024-05-16,F,26000,2024-01-19
126,1497,2012-09-16,,26700,1996-06-01
127,-267,2017-12-28,F,30700,2008-10-25
127,-703,2012-04-15,F,22700,2008-10-28
127,299,2020-11-12,T,30200,2019-01-31
127,609,2012-03-19,F,23500,2002-12-22
127,-1904,2015-10-24,,5900,2015-02-05
127,599,2008-07-26,F,,2000-01-04
127,1350,2015-12-02,F,6000,2005-08-01
127,218,2026-05-15,T,19100,2001-06-20
127,250,2018-09-22,F,5300,2007-02-08
128,-1696,2019-08-23,,8700,1993-08-05
128,1443,2025-06-10,F,20200,1999-05-05
128,-1141,1999-05-18,F,26600,1971-12-25
129,-805,2026-01-02,T,3700,2025-01-15
129,1235,2026-05-03,T,10300,2025-10-16
130,-1801,2025-12-09,F,12800,2013-05-19
130,866,2015-09-20,,7200,2015-01-28
130,-1483,2014-02-24,F,7100,2011-05-09
131,-1253,1996-03-01,,31000,1939-03-01
132,619,1963-01-25,,8700,1942-11-30
132,-1542,2009-01-23,,1800,1981-11-26
133,600,2008-05-28,,17700,1950-05-05
133,-637,1999-04-04,T,20700,1942-06-27
134,-1824,2009-05-20,T,6600,2005-08-05
134,-1718,2017-09-24,T,8200,2011-11-06
134,1256,2019-03-29,T,8200,2015-05-26
134,627,2012-10-15,,23700,2007-02-10
135,1086,1987-01-02,F,27800,1982-09-02
135,1452,1974-03-01,F,21800,1947-04-04
135,-857,1986-12-14,F,15300,1957-11-11
136,-956,1975-12-29,T,6200,1970-03-23
137,601,2006-02-09,,0,2004-11-23
137,1348,2026-03-22,,29700,2007-10-15
139,-1701,2008-03-19,,22800,1961-07-28
140,1811,2017-01-12,F,24300,2002-08-30
140,224,1992-03-23,T,12900,1913-01-22
140,363,2004-11-11,F,24300,1970-11-04
140,-319,1997-08-19,F,24400,1934-01-03
140,-1639,1981-04-30,F,3000,1957-01-17
140,-1524,1971-08-25,,1700,1932-07-18
140,926,1986-08-05,T,3000,1930-07-26
140,-1997,1977-09-16,T,,1925-09-04
140,-382,1955-09-12,,7700,1904-08-11
140,-146,1975-02-22,F,2200,1966-12-07
141,1644,2020-01-07,,2000,1995-05-26
141,1338,2026-02-08,,20900,1996-05-23
141,1305,1995-10-12,,25800,1995-02-26
141,1477,1996-10-07,F,21000,1995-12-07
141,-67,2003-09-14,,24300,1993-07-04
141,-720,2013-05-28,,7200,2008-02-05
141,-904,2022-06-05,F,29300,2021-12-07
141,-250,1995-10-01,F,100,1995-07-03
141,122,2015-03-07,F,16300,2011-10-16
141,-1491,2002-03-06,,13300,1999-08-21
141,1866,2006-12-22,F,20200,2005-03-08
141,1700,2020-02-06,,0,2020-01-24
142,-191,2019-04-07,,14700,2009-02-23
142,-916,2023-07-24,T,15000,2016-05-06
142,1351,2019-01-27,,19800,2007-03-09
142,704,2025-11-08,F,15700,2014-05-26
142,-615,2024-11-23,F,10000,2019-03-19
142,-1112,2016-12-22,,29400,2010-04-25
142,-1153,2017-12-29,,10500,2009-12-13
142,-1628,2018-04-16,F,17200,2012-10-10
142,-903,2007-05-18,T,27300,2005-04-16
142,1362,2020-06-15,T,22000,2012-09-08
142,1658,2022-04-24,F,4200,2018-11-11
144,1255,1994-11-06,,23700,1981-08-04
144,-1728,2008-11-26,,13400,1997-07-28
144,1900,1988-11-18,,3800,1976-07-06
144,-1135,2002-01-01,,19500,1967-08-11
144,-322,2017-09-29,,23400,1963-01-03
144,-352,2016-03-13,,31900,1996-03-28
144,345,2018-11-02,,700,2013-05-02
144,30,2007-07-20,,15500,1989-01-08
145,1317,2002-09-09,F,0,1994-12-04
145,-1211,2003-06-23,F,10600,1991-10-22
145,-470,2010-06-24,F,6500,1991-08-01
145,864,2025-08-15,,12400,1999-03-16
146,-914,1937-01-06,T,31300,1921-06-22
146,-1666,1986-09-21,,5600,1982-01-13
146,-289,1975-07-09,,14400,1938-08-24
147,-1770,1998-10-01,T,100,1991-10-29
147,-1950,1956-01-18,,23900,1943-07-26
150,1308,1984-09-12,T,12800,1972-06-22
150,-1512,1997-05-29,,22300,1935-07-23
150,1793,2021-11-05,F,22800,1973-03-21
150,-1320,1992-08-10,F,7100,1972-05-22
150,1874,2011-02-06,,24000,2001-05-28
150,-422,1967-10-25,,25700,1932-07-04
151,1463,2024-01-14,F,24300,2015-10-16
151,1899,2025-07-03,,31900,2019-01-20
151,477,2021-04-26,F,800,2017-10-19
152,1603,2022-11-16,F,30600,2015-06-13
152,676,2006-07-21,T,7900,2006-04-27
152,-1834,2015-10-01,F,29900,2006-03-25
153,-244,1935-07-03,,22800,1920-04-07
153,785,2011-05-18,F,32400,1955-11-11
153,628,1966-03-02,F,13500,1927-10-30
155,1373,2023-07-18,,24000,1993-06-24
155,1919,2006-02-06,,27500,2001-05-28
155,-1360,2025-02-25,,13700,2011-05-02
156,1242,2006-05-17,,23100,1951-04-13
156,-602,1983-12-08,,12200,1943-05-23
156,483,2019-07-02,,7900,1984-01-15
156,1174,2009-12-22,,12300,1925-03-07
156,738,1944-10-29,T,9100,1944-06-28
156,523,2001-01-30,T,21900,1992-03-11
156,-1129,1980-06-22,,18300,1926-01-23
156,1602,1967-10-31,T,29300,1922-07-27
156,370,1957-06-10,T,2100,1946-11-20
156,-386,2010-05-03,,30000,1985-09-08
156,979,1967-11-15,,9700,1919-06-09
156,1771,1939-07-12,,25600,1932-03-28
156,-1439,2005-05-09,T,20000,1978-03-19
156,1984,2022-11-25,T,9100,1941-09-16
156,136,1963-09-26,F,5600,1946-03-17
157,-773,2022-10-15,F,8900,2013-07-06
157,745,2026-07-28,,2400,2007-05-30
157,1821,2003-09-13,,2200,1984-07-02
158,1229,2024-04-11,T,10700,2008-08-10
158,-49,2024-08-27,F,11600,2015-11-07
158,396,2025-10-08,,8400,2008-03-29
159,-945,2017-11-02,,18500,2013-12-12
159,-333,2018-12-24,T,18900,2012-05-29
161,794,1984-08-14,,6300,1917-10-03
161,-1998,1950-04-26,,25500,1940-03-17
161,-1673,2022-03-05,,29900,1917-07-12
161,-491,2005-09-17,F,30600,1931-12-06
161,-733,1984-12-31,F,2900,1943-12-02
161,582,2014-03-20,,14200,1969-02-10
161,-1593,1972-05-14,,4600,1954-04-20
161,-357,1964-10-09,F,27600,1948-11-24
161,-1033,2025-02-11,F,6000,1939-01-15
161,842,2023-11-03,F,20300,1920-12-14
161,-336,2005-04-10,,29300,1938-08-05
161,-1310,2012-02-13,F,15100,1962-01-23
161,1425,2023-06-19,,12600,2019-07-30
161,-630,1946-07-26,F,2400,1914-09-10
161,1899,1956-09-02,,32700,1929-04-27
161,-763,2017-11-18,F,28300,1995-10-19
161,-355,1959-03-06,,13900,1948-08-08
161,-1702,2005-09-17,,13300,1949-05-26
162,282,2015-07-15,F,19600,2015-02-07
162,790,2021-02-28,T,30700,1956-12-29
162,-891,1993-09-14,T,13500,1959-08-02
162,691,2013-11-24,T,16000,1976-09-01
162,-1079,2009-05-10,,4300,2003-04-03
162,-294,2016-12-29,T,24300,1999-06-01
162,-429,2018-06-24,F,28300,2015-03-04
162,1567,2005-03-15,F,2700,1998-12-24
162,-1876,2004-12-24,,28800,1952-01-30
162,-1553,1994-02-15,T,16000,1961-08-03
163,1923,2015-08-04,F,30700,1996-10-18
163,930,2021-12-15,T,10300,2005-06-19
164,-58,2018-07-24,,29700,1976-08-09
164,1122,1955-02-06,F,26400,1921-01-06
165,-1267,2022-12-15,,22200,2013-08-31
165,-808,2012-04-02,F,2000,2008-05-20
165,-636,2024-12-05,,8500,2015-02-14
165,-924,2015-07-15,T,200,2010-05-03
165,962,2016-03-11,,3100,2009-08-27
165,1806,2012-03-24,T,11800,2009-02-14
165,666,2025-03-14,T,11700,2010-02-27
165,483,2021-10-06,T,21600,2008-10-07
165,-1802,2022-10-07,T,2000,2010-12-31
165,-345,2017-06-27,F,22200,2009-12-19
165,-1831,2013-09-10,F,10600,2004-12-20
165,-1968,2018-04-19,,12800,2014-11-01
165,353,2026-06-18,T,31500,2006-10-13
166,-1310,1988-05-31,,25500,1905-09-15
166,1764,1946-08-03,,29000,1905-06-26
166,-1702,1987-05-21,,20400,1914-10-05
166,1270,2003-01-10,F,24500,1989-05-21
166,1371,1952-06-07,,24600,1951-12-18
167,-359,2022-05-06,F,20200,1935-05-30
167,1412,1998-09-14,,11800,1927-02-24
167,1484,2013-11-08,,22800,1970-11-30
167,464,1974-08-06,,28900,1947-12-23
167,-680,1969-10-25,,,1948-08-03
169,-1069,1983-03-24,,29900,1971-11-05
170,449,1988-02-28,T,32800,1977-08-30
170,-1009,1996-07-20,,26000,1976-07-22
171,530,2014-04-16,,23100,2011-08-30
171,-148,2012-03-19,T,21600,2008-08-17
171,-1357,2022-06-19,T,14500,2018-12-30
172,-58,2009-08-30,,6800,1988-07-17
172,-643,1936-06-29,,700,1920-08-06
173,1804,1954-03-03,,15100,1938-10-22
173,-1894,1993-11-19,T,2100,1972-09-06
173,1756,2006-03-12,F,18000,1963-09-25
173,-451,1991-12-19,,8800,1944-08-10
173,5,1995-02-02,,14700,1978-08-16
173,-1378,1962-03-15,,11800,1950-11-03
173,-1448,1980-06-05,T,2100,1974-12-14
174,878,2025-08-20,F,29400,2015-03-12
174,1104,2018-09-09,F,9300,2014-05-15
174,371,2021-05-07,F,23400,2016-11-11
174,1119,2020-11-18,,7100,2018-06-08
174,1470,2019-01-02,F,27300,2014-10-05
174,753,2025-08-24,,31900,2014-08-20
174,422,2025-02-08,,23600,2023-01-09
174,1363,2022-08-15,,25800,2015-06-20
174,933,2023-12-28,,15200,2011-03-29
174,1876,2019-11-19,,700,2014-10-11
174,-1866,2025-01-05,F,16600,2012-05-01
174,234,2024-06-20,,23600,2011-03-14
174,-597,2021-04-29,F,22300,2019-09-09
175,-793,2025-11-15,,19600,1978-03-30
175,-1463,1994-11-16,,18700,1984-03-20
175,768,1999-07-30,T,32800,1981-09-25
175,-143,2014-09-16,,7000,1971-06-27
175,-448,2002-02-18,,10900,1971-08-11
176,-253,2005-05-11,,6600,2003-01-09
176,1131,1990-06-11,T,11200,1984-03-08
176,-596,1990-07-29,T,13800,1971-03-29
176,-1145,2021-06-16,T,1600,2002-03-29
176,-1514,1966-06-11,,16900,1964-05-20
176,1291,1994-09-04,,19400,1990-06-16
176,-1913,2023-08-05,T,30400,2002-11-17
177,524,1921-10-28,F,10600,1915-08-11
178,318,2022-04-18,,15100,2012-05-16
178,-1168,2023-07-15,,25400,2013-02-10
180,-378,2019-02-18,,8500,1999-08-30
180,-1940,2018-03-15,,32700,1922-05-04
181,-1031,2026-01-21,T,30800,2025-11-05
182,2,1959-05-31,T,24000,1956-09-15
183,1801,1985-06-19,T,1100,1968-07-19
183,-1054,1960-06-11,,31700,1960-01-09
183,1866,1999-11-24,,10200,1995-02-17
183,-1920,1990-08-02,,19700,1988-04-15
183,-1595,1995-08-07,T,5600,1956-02-21
184,-637,2010-08-03,,11700,2000-08-04
184,-995,2016-03-08,F,19700,2009-05-15
184,-1824,2016-04-26,F,22000,2001-04-28
184,1823,2023-02-03,F,30100,2020-09-26
185,-793,1966-09-27,,1600,1945-06-06
185,-773,1991-08-14,,26700,1961-07-24
185,1602,1959-11-04,,18100,1953-11-03
186,-180,2026-05-17,,27700,2025-07-18
186,-89,2025-08-27,,7100,2025-05-23
186,1206,2026-04-24,,24300,2026-04-22
187,-372,1957-03-15,T,29400,1946-01-28
188,38,2025-05-01,F,13300,2022-05-26
188,-848,2012-01-12,T,10900,2011-06-01
189,-454,1929-11-05,T,13900,1928-07-05
189,1857,1971-11-09,,600,1922-10-10
190,-154,2005-11-29,,19300,1992-09-05
190,651,2010-05-05,,23900,1961-06-26
190,16,2009-10-08,T,6700,1975-01-27
190,-1763,2001-10-01,,32400,1976-04-10
191,-753,2024-08-04,F,19300,1979-01-14
191,732,1983-05-05,,18100,1968-08-01
191,1765,2017-06-09,,15300,1998-05-19
191,-744,2015-08-02,F,26300,1992-12-05
191,-18,2013-06-04,F,12900,1980-05-30
191,-942,2006-08-13,T,2300,1979-11-02
192,1718,2020-05-30,,1400,2015-09-13
192,-430,2026-08-07,F,32200,2007-03-18
192,1528,2011-02-19,,8000,2007-06-21
192,-245,2015-10-23,,6500,2007-12-25
192,-631,2019-04-22,,17700,2012-08-28
192,878,2013-12-08,F,23200,2013-05-06
192,-718,2025-11-28,,17100,2023-01-15
192,1677,2021-04-17,F,26900,2019-10-10
192,547,2014-11-20,,2300,2014-07-27
193,974,2011-04-04,,11000,2007-07-04
194,-1714,1989-03-25,,2000,1939-11-17
194,-1406,2009-09-04,F,1000,1940-06-07
194,-984,1988-03-19,,14200,1979-01-01
194,1130,1997-09-27,,7500,1949-01-13
194,-1805,2021-11-04,F,14200,1983-05-22
194,-79,2024-10-02,,24500,2019-03-02
194,-1127,1953-05-06,,7400,1944-08-05
194,-1116,2003-04-12,F,8800,1979-07-15
194,1342,1967-08-31,F,10600,1966-02-08
194,-1023,1985-01-13,F,27100,1943-02-13
194,772,1957-01-10,F,6900,1948-05-11
194,-136,2019-06-14,,20400,1998-10-23
194,434,2024-09-17,,13300,1990-06-05
194,1590,2025-08-11,F,6300,1994-11-02
194,-201,1986-11-08,F,16000,1938-05-26
194,-300,2002-11-22,F,10600,1989-05-21
195,1719,2026-06-16,,19300,2026-04-23
195,969,2026-07-29,T,27100,2026-06-21
195,151,2026-07-12,F,7600,2026-04-05
195,-590,2026-07-29,T,19400,2026-07-10
195,1740,2026-07-29,F,5000,2026-04-19
195,-1357,2026-07-28,T,9900,2026-07-11
195,1202,2026-06-19,F,11000,2026-05-30
195,1352,2026-07-29,F,32200,2026-05-30
195,-216,2026-07-18,F,21600,2026-06-14
196,386,2014-05-18,,7900,2001-11-15
196,850,2019-07-11,,27400,2016-12-10
196,310,2017-09-12,F,27700,1993-06-18
197,-1190,1951-02-17,T,17900,1940-05-18
198,970,1962-05-28,T,11400,1948-02-25
198,899,2012-07-04,F,18700,1973-02-27
198,413,1969-04-01,T,10400,1929-02-22
200,-374,1995-09-29,T,10100,1968-07-17
201,-1763,1989-03-10,,5300,1923-01-05
201,67,1922-04-30,T,11100,1916-06-09
201,-354,1950-11-02,,29000,1920-03-01
201,22,1983-02-17,,6500,1947-05-30
201,-1423,2016-04-04,T,31500,1964-07-01
202,1160,2015-07-19,F,2700,2010-01-19
203,469,2003-06-16,F,14800,1985-04-21
203,-373,2020-12-20,,25400,2001-05-19
203,-1882,2026-02-06,T,17800,1991-10-09
204,481,2025-02-26,F,19100,1999-12-06
204,262,2021-07-15,T,31500,1980-11-21
204,216,2024-11-15,T,31600,2008-08-16
204,-105,1984-01-10,,26000,1983-08-18
204,-193,2000-02-24,F,32000,1963-10-21
204,1880,2025-12-05,T,19900,1967-03-16
204,1731,2010-06-30,,11000,2004-05-11
204,1652,2004-07-02,,28100,1968-10-27
204,1362,2024-12-15,T,10900,2021-06-28
205,188,2022-05-18,,25600,2016-09-01
205,-235,2023-11-24,,27200,1985-04-25
205,-112,1988-10-08,,20500,1969-11-08
207,-767,2011-07-27,,,1957-03-13
207,796,1937-09-01,F,22200,1936-01-22
208,-1096,2026-06-26,,28600,2026-02-09
209,-128,1983-12-04,F,2200,1977-07-29
209,-1490,1984-05-01,,17700,1984-01-03
210,379,1992-01-26,,7700,1967-12-27
211,249,1971-04-13,T,31900,1945-03-06
211,890,1977-04-04,,32700,1939-10-01
211,1303,2014-06-28,F,14700,1964-04-04
212,430,2014-09-02,,23100,1973-04-23
212,1018,2018-10-08,T,18700,1976-03-27
212,1715,1987-11-27,F,27600,1980-10-09
212,125,2009-10-23,T,,1989-10-10
212,937,2007-10-02,,7700,1973-10-08
213,-1943,2025-08-06,F,20300,2021-10-28
213,1323,2023-12-08,,9500,2017-01-26
213,1548,2019-02-05,F,5700,2013-12-29
213,-1219,2025-11-16,T,2800,2018-11-20
214,368,2000-08-17,F,4000,1970-12-23
214,-451,1982-05-23,F,26400,1961-01-07
214,777,1992-04-04,,16800,1969-02-22
214,-1452,1994-10-30,F,24900,1992-01-19
214,34,2007-03-13,,6900,1967-08-23
215,1051,2025-12-14,T,5900,2017-05-21
215,766,2026-04-16,,2700,2022-06-11
215,-189,2023-03-11,,29100,2017-11-01
216,30,2014-02-24,,31100,1992-07-02
216,1003,1982-04-13,F,24300,1968-01-28
216,1500,2023-08-14,,28400,2015-05-07
217,-241,2023-04-15,T,21000,2022-01-22
217,-320,2022-03-13,T,9000,2021-01-14
217,580,2024-10-22,,28800,2021-03-24
217,-482,2025-01-02,,4300,2022-03-31
217,-499,2026-06-06,,21300,2020-02-16
217,1085,2026-05-20,T,21800,2022-08-29
217,-541,2023-01-15,T,4900,2022-01-20
217,1900,2026-03-20,T,21700,2020-04-20
217,-38,2024-12-17,,22600,2020-08-24
217,-68,2026-01-16,F,23100,2024-01-13
217,1615,2024-05-01,F,12100,2021-05-22
217,-863,2026-02-11,,21000,2023-05-05
217,915,2024-08-02,T,10000,2022-10-05
217,-1373,2021-04-16,T,30900,2020-04-05
217,-1965,2025-08-17,,4100,2021-05-22
217,1568,2022-12-08,F,20000,2022-03-12
217,-776,2025-05-10,,27700,2024-12-25
217,-1572,2026-06-16,F,12500,2025-11-26
217,-1299,2024-07-01,T,28000,2023-02-11
217,-948,2023-04-21,T,20000,2022-03-09
217,585,2025-09-15,F,27500,2021-12-11
218,1221,1999-08-16,,6900,1997-07-14
218,-1857,2024-09-15,T,29000,1998-03-15
218,-755,1994-02-12,T,31200,1982-10-07
218,-798,2006-11-10,T,29100,1987-07-26
218,-483,2013-03-25,,30500,1982-10-06
219,1656,1994-07-26,F,24000,1982-09-16
219,1044,2020-04-06,,24300,1974-07-07
219,-959,2005-12-23,F,8900,1973-12-16
219,1845,2006-05-26,,4400,1981-01-09
219,-1843,2006-06-10,,17500,1970-03-04
219,-1536,1993-04-07,F,29100,1985-12-11
219,1317,1991-01-12,F,1800,1990-07-11
219,-1028,2012-06-05,T,1300,1977-12-09
220,1309,1999-06-27,F,4900,1994-02-21
220,-656,1970-12-23,,7000,1970-05-07
221,1229,2006-05-14,,23300,2002-02-28
221,-1531,2023-01-23,,10700,1992-05-13
221,-682,1997-03-01,T,32200,1996-11-03
222,-1989,2026-05-27,,31100,2025-02-26
222,245,2025-03-15,,17200,2025-01-19
222,-542,2025-10-23,F,13300,2025-04-27
222,834,2025-08-15,F,13000,2025-02-16
222,444,2026-07-05,,6000,2026-02-14
222,1440,2026-07-14,F,25200,2026-02-26
223,-1465,1970-06-03,T,18800,1957-08-01
223,-659,1999-06-25,,5200,1977-05-05
223,-948,2013-05-08,,6000,1971-06-09
223,-1275,1979-03-02,,,1959-05-31
223,-1133,2020-11-08,,3700,2006-06-12
223,-440,1982-02-03,T,4600,1963-09-03
223,-440,1982-01-04,F,5200,1973-04-02
223,-1275,2017-07-28,T,,2007-05-17
223,92,2006-08-19,F,21600,1959-06-05
224,-777,2004-11-28,F,13400,1989-01-23
224,420,2012-03-13,F,22400,1980-02-23
224,1903,1996-02-28,F,17000,1983-04-28
224,265,2024-01-21,,18600,1956-09-13
225,-734,2010-03-27,F,11400,1954-02-26
225,-1029,1989-04-21,T,24800,1955-04-17
225,,2005-09-01,,2800,1972-05-19
225,1768,2016-04-15,,5000,1987-05-28
225,1472,2021-09-29,F,26500,1974-08-10
225,-1065,2022-03-07,,19100,2018-11-25
227,-669,2026-07-12,T,6000,2021-04-30
227,1173,2024-07-19,T,1000,2017-06-15
228,-1420,1960-11-23,F,,1948-09-26
228,-1616,1966-08-08,T,6700,1958-04-23
228,-158,1952-05-15,T,5200,1949-12-13
229,1885,1993-10-25,T,15200,1967-10-01
229,1091,1977-04-08,F,0,1963-04-06
229,-1783,1996-08-11,F,9800,1977-11-03
229,-1898,1994-06-10,F,21600,1991-10-11
229,1932,1995-06-02,T,0,1976-02-12
229,-271,1965-02-18,,3700,1963-06-17
229,,1991-06-01,T,6000,1979-09-03
229,92,1976-03-02,,18800,1965-08-29
229,-269,1991-12-27,T,15200,1965-05-13
229,26,1994-10-01,,6000,1992-08-25
229,-1465,1997-11-09,F,5200,1979-01-16
230,-1058,2021-03-16,T,6900,2005-06-01
230,266,2005-10-19,,15900,1983-11-03
230,1868,2015-06-20,F,14400,1983-09-25
235,-1468,2023-06-24,F,21800,1972-04-28
235,1497,1987-11-06,F,8900,1951-06-29
235,-1615,2026-07-13,F,12800,1969-02-09
236,1783,2011-07-22,F,21700,2007-09-07
236,-2000,1935-08-13,T,26800,1908-07-04
236,333,2023-12-11,F,9100,1996-07-22
236,-1407,1989-06-18,,22800,1924-04-05
236,-710,1955-12-03,F,6400,1932-10-11
236,-403,1928-06-17,T,22400,1927-12-18
237,906,2021-01-25,F,9900,1986-09-10
237,-1418,1990-10-09,F,10800,1989-12-01
237,1,2022-02-12,,14300,2003-06-28
237,154,2001-03-04,F,6300,1997-07-11
237,1924,1996-04-20,,5300,1987-07-30
237,-615,1984-08-02,,30600,1980-02-23
237,245,2023-08-03,,16500,2004-07-09
238,-967,2026-07-15,T,18400,2026-06-12
238,1882,2026-06-19,T,17700,2026-03-11
238,-1677,2026-05-23,T,21600,2026-03-25
238,349,2026-08-04,T,20300,2026-01-05
238,-1371,2026-08-11,T,27900,2026-07-15
238,1241,2026-08-07,,8500,2026-07-26
239,1972,2021-11-03,T,,2021-09-16
239,-478,2019-05-26,F,17400,2018-10-02
239,1885,2025-01-04,T,15200,2000-03-26
239,-939,2020-07-24,T,21600,2009-02-24
239,-484,2026-05-18,,0,2020-05-06
240,800,1992-08-16,T,8500,1984-02-14
242,1479,2023-09-10,,29500,1980-11-17
242,-1438,2023-04-03,,28800,1968-11-26
243,1987,2021-09-26,F,,2013-08-23
243,1778,1995-03-03,,0,1991-03-18
243,683,1993-10-22,F,5200,1982-09-08
243,-484,2001-03-07,,9800,1977-06-04
243,505,2015-08-11,T,21600,1979-11-17
243,-740,1975-12-05,,9800,1973-07-05
244,-724,1992-10-15,,28200,1990-09-05
245,948,2026-07-08,T,28600,2000-10-14
246,-1119,2024-07-29,F,25400,1999-03-08
246,-786,2013-01-18,T,18400,1994-03-13
246,-1536,2013-09-03,T,31500,1998-05-27
246,305,2017-07-10,T,7200,1994-08-28
247,1219,2001-10-08,T,30200,1993-12-26
247,-932,1992-12-19,,22800,1990-09-29
247,-235,2011-06-28,,27800,2001-05-14
247,-410,2026-06-24,F,2000,1994-12-01
247,1747,2017-08-09,,24300,2001-12-30
248,-856,2008-09-11,,31900,1994-10-11
248,-1857,2021-09-19,T,19700,1996-06-10
248,1260,2009-08-19,,1800,2005-12-28
248,-1117,2013-03-21,,8600,2010-06-21
248,1226,2025-07-22,,24700,1999-10-16
249,-488,1961-11-24,T,24800,1958-05-25
249,1216,1995-10-16,T,4400,1990-11-28
249,134,1993-02-11,F,22600,1969-07-07
249,-94,1966-04-18,,31500,1942-09-22
249,170,2019-04-14,F,24400,1992-08-17
249,338,1979-07-20,,20000,1929-12-08
249,1698,2003-03-10,F,26400,1957-03-18
249,1768,2010-05-14,T,22400,1957-03-11
249,-243,1977-07-01,,30700,1937-08-22
249,997,2018-05-17,F,22600,1943-02-14
249,-1803,1976-04-03,,2200,1963-04-26
249,-532,2018-11-27,T,13000,2006-07-09
249,-1375,1965-10-26,T,18000,1932-01-18
249,1481,1983-08-15,T,3500,1974-02-04
249,-243,1984-06-15,T,26400,1983-08-13
249,-937,1983-06-23,F,4700,1974-01-11
250,-381,1994-03-07,T,30300,1982-07-09
250,628,1983-01-29,,29200,1977-05-23
251,-21,1961-12-06,T,9800,1949-04-03
251,1099,1948-03-08,F,21600,1943-10-12
251,889,2002-09-25,,21600,1992-08-26
251,1846,2002-07-05,T,9800,
251,1778,1935-11-19,,5200,1920-05-13
251,-1749,2023-01-01,,17400,1939-09-26
252,340,2025-06-07,T,19000,2025-03-06
252,1174,2026-05-13,F,600,2024-01-06
252,1608,2024-09-22,F,25800,2024-06-19
252,-267,2025-07-09,F,27000,2024-09-28
252,303,2025-02-28,F,23100,2023-11-21
252,845,2025-12-04,T,10300,2023-12-19
252,-136,2024-08-18,F,1500,2024-03-02
252,229,2026-04-25,F,8700,2024-01-14
252,-11,2026-03-17,T,1000,2025-08-19
252,303,2025-06-05,T,18100,2024-03-02
252,717,2025-08-08,,200,2025-06-06
252,461,2026-02-03,,22500,2025-09-05
252,-1706,2026-05-13,F,700,2024-05-16
252,-1217,2026-01-29,F,15800,2025-03-17
252,-275,2026-06-21,,11800,2025-04-28
252,-1393,2024-05-13,F,12400,2023-10-30
252,-1447,2024-10-01,T,30000,2024-04-12
252,-154,2024-02-28,,300,2024-01-02
252,1218,2025-06-11,T,10500,2023-09-23
252,-302,2025-12-08,,18500,2025-03-30
252,1934,2025-12-21,,6700,2025-11-04
252,1580,2026-07-04,,5900,2025-04-27
252,,2025-11-21,,10700,2023-10-16
252,645,2025-12-17,T,12600,2025-07-05
252,1818,2026-03-17,T,600,2024-03-21
252,-1514,2025-11-17,,6900,2025-08-28
252,-752,2026-01-22,,700,2025-08-21
253,-1363,2022-10-10,T,18100,1962-03-29
253,-41,2007-11-05,T,25700,1971-12-02
253,-1832,2014-05-11,T,9400,1975-12-22
255,-932,2013-12-12,,17400,1933-02-24
255,-518,1978-12-08,T,31300,1956-09-19
255,-862,1936-09-17,,23100,1921-10-31
255,-1063,1991-01-11,,15000,1975-04-23
256,1347,1982-05-02,,12000,1926-01-17
256,-1037,2012-11-03,T,19600,1960-05-15
256,-1667,1949-06-24,,18000,1924-12-13
256,1510,1994-11-15,,14300,1918-12-07
256,151,2020-11-30,,31200,1939-01-29
256,1198,2020-09-13,,5800,1995-04-11
256,-932,2005-01-06,,32200,1981-09-11
256,1967,2007-06-25,,17200,1938-07-15
256,-213,1989-09-26,,10900,1919-06-07
256,-390,1951-01-26,T,12000,1917-02-08
256,-1864,2014-01-13,T,13300,1975-07-08
257,1509,1993-07-17,,7900,1991-11-05
258,-1131,2015-11-16,F,28300,2007-12-26
258,-1626,2024-05-23,T,16800,1992-10-12
258,-1400,2016-10-17,T,11800,2010-11-14
258,-1000,1996-09-18,T,16800,1990-04-30
260,-1668,2019-07-13,F,14800,1993-09-26
260,-1212,2020-01-27,F,19000,1981-10-06
260,1170,2014-02-21,F,3500,1977-04-19
261,1924,2002-10-17,,23400,1996-04-09
262,194,2018-07-04,T,30800,1997-04-10
264,1894,2018-10-17,F,25300,2014-12-03
264,1684,2021-03-17,,3200,2018-03-30
265,355,2026-08-02,,14300,2026-07-19
265,1011,2026-08-03,,23800,2026-06-11
266,-1365,2018-09-17,T,14700,1989-09-19
266,1075,1978-10-21,,15100,1960-03-20
266,1492,2006-02-13,T,23300,1986-03-20
267,1271,1947-08-12,,7700,1940-04-19
267,1392,2017-01-01,,28200,1994-08-03
267,-281,2006-01-26,T,7300,1971-02-05
267,1214,1946-03-20,F,6800,1941-08-12
267,-998,1987-06-11,F,1400,1975-01-12
269,-1399,2013-11-03,F,1800,2010-05-23
269,1639,2014-06-14,F,8400,2007-08-15
269,1430,2017-01-06,T,10000,2011-01-12
269,-492,2026-08-08,,32800,2019-04-18
269,-912,2024-08-21,T,26100,2013-07-11
270,2,1991-07-25,,22200,1955-11-20
270,1700,2024-05-02,,23300,2023-02-18
270,948,1967-11-08,T,32800,1964-11-14
270,-1662,1973-06-11,,32700,1954-03-07
270,939,2006-02-21,T,16200,1990-12-02
270,-1534,2023-01-02,,25800,2008-03-04
270,-1806,2020-03-06,T,8600,1998-12-04
270,-1582,1970-01-09,F,30800,1955-10-13
272,1636,2021-03-20,T,22300,2010-01-21
272,1703,2022-05-06,,32000,2016-02-25
272,832,2025-09-03,,31200,2017-09-06
273,-395,2025-11-08,T,14100,2024-01-02
273,1287,2024-09-28,T,31000,2020-02-05
273,516,2023-03-12,,29300,2022-08-26
273,-1961,2021-01-31,T,30400,2019-08-08
273,-769,2023-06-17,,16000,2019-10-23
274,1856,1976-02-26,T,19600,1947-02-25
274,-623,2018-04-05,,2800,1965-01-23
275,1059,2018-06-12,F,4900,1975-04-24
277,1877,2026-02-23,,10600,1986-05-31
277,-1634,1988-05-10,,16500,1983-02-28
277,1120,2018-06-24,,14300,1995-04-22
277,60,2018-12-10,,32200,2003-08-08
277,1843,2005-02-10,,3100,1993-08-03
277,1446,2015-11-11,,14300,1988-07-08
277,1703,2006-04-24,,3100,1983-02-06
277,915,2001-04-09,,14000,1992-11-13
277,-1275,2013-06-28,,26500,2012-01-28
277,-662,2021-03-09,,16900,1980-05-20
278,-1160,1959-11-02,T,13600,1941-06-26
278,832,1960-05-22,,4300,1938-10-31
278,665,1962-07-27,,5300,1953-08-22
281,-1482,2011-08-14,,28900,2002-03-03
281,-1114,2006-04-22,T,8900,1984-08-01
282,676,1964-01-14,T,3900,1920-12-09
283,-1575,1988-10-18,,400,1985-07-03
283,249,2024-08-30,F,27400,2016-05-17
283,641,2013-09-07,F,30600,2009-05-05
283,-1863,2021-11-08,,9100,1993-12-25
283,-1103,2010-06-15,F,12100,1983-01-16
283,-1144,1996-07-23,,14700,1992-10-25
284,-49,1976-05-03,,4200,1972-06-05
284,-395,2020-03-21,,28700,1974-11-23
284,224,2023-11-27,F,7100,1956-02-11
284,-191,2024-01-20,F,31900,2021-09-02
285,-881,1994-12-10,F,29900,1968-12-06
286,-214,1948-12-16,,21800,1946-11-10
287,-408,1956-05-21,F,32300,1919-04-10
287,1422,1955-06-21,F,21600,1921-09-15
287,-647,1941-03-18,T,2400,1921-06-30
287,481,1968-07-10,,4000,1919-11-04
288,840,1992-04-22,,24700,1958-04-13
288,1135,1978-10-15,,26200,1970-12-03
288,-1378,1954-04-07,T,14400,1951-07-18
288,-511,1976-01-29,,8700,1935-10-21
288,1357,1996-03-20,T,21800,1932-12-30
289,426,2026-04-10,T,20400,2008-07-30
289,1018,2023-01-13,T,11500,2020-05-02
289,-1271,2018-09-17,,7000,2008-05-19
289,1191,2015-07-12,T,500,2010-07-30
289,-731,2016-02-16,,11900,2006-08-21
289,1349,2016-06-08,T,6800,2009-07-24
289,1370,2012-12-18,,22300,2010-11-21
290,1528,2018-08-15,,1800,2009-07-25
290,-1293,2023-07-13,,7700,2012-09-01
290,367,2016-11-11,T,10600,2009-06-26
290,-522,2019-07-18,,15700,2013-01-08
290,984,2026-01-10,,31900,2010-01-06
290,681,2012-06-18,T,16500,2011-09-13
290,-1979,2020-04-17,T,1000,2015-12-31
290,-703,2019-11-20,T,22800,2014-09-27
290,-520,2026-01-09,T,16800,2007-12-24
290,-1068,2019-04-08,T,20500,2008-12-05
290,-735,2016-07-09,,17000,2012-04-13
290,692,2023-01-12,,1500,2017-10-16
290,-1681,2017-08-08,T,23100,2011-07-23
290,-878,2021-12-17,T,3000,2021-04-27
290,-162,2009-03-29,T,3300,2008-05-25
290,-921,2020-09-06,T,14800,2008-09-20
290,921,2021-06-16,,6300,2008-04-12
291,1004,2024-02-21,,11800,1999-07-16
291,-1067,2013-05-29,,22300,1997-01-05
292,-779,1985-01-08,F,1100,1971-05-07
292,294,2005-03-27,T,600,1990-12-09
292,-612,2021-07-26,T,27100,1977-09-25
292,-1172,2003-02-04,T,5100,1974-08-06
292,-764,2020-08-22,T,11000,2010-01-23
293,-225,2023-06-09,F,5700,2023-03-18
295,1913,2025-03-13,T,5500,2023-10-10
295,-416,2023-11-30,T,8100,2022-10-06
295,-1168,2023-08-06,T,100,2023-03-04
295,-722,2023-06-23,,24600,2021-09-04
295,-1439,2024-09-20,,20300,2022-12-31
297,1509,2022-07-20,T,24400,2021-12-10
297,-642,2024-10-14,F,11400,2021-12-25
298,-1643,2025-12-15,T,19600,1941-02-23
299,586,1959-05-02,T,18000,1936-08-08
299,166,2018-02-06,,800,1940-11-21
299,685,1984-01-12,,6000,1929-10-24
299,-650,1982-04-28,,25900,1954-07-11
299,-1462,2014-10-25,,2800,1947-09-30
299,549,1968-04-05,,18300,1959-06-24
299,681,1977-05-11,,27500,1925-04-26
299,-444,2015-11-27,T,14800,1998-04-20
299,1370,1956-06-01,,8600,1950-02-25
299,-1081,1993-10-17,T,30400,1924-02-04
299,1439,1992-03-22,,16800,1967-11-28
300,-760,2003-04-07,T,9700,1992-11-08
300,-918,2016-05-24,,7200,1989-11-06
300,1347,2012-12-16,,11000,1998-12-08
300,-1749,1988-05-14,,8000,1971-02-01
300,-1394,1981-08-08,T,11900,1973-08-21
300,133,2014-01-23,T,11200,1987-11-20
300,-1786,1988-03-15,T,6400,1969-09-12
300,322,1998-03-17,T,7400,1981-06-21
301,-790,2022-07-20,T,15400,2007-04-25
302,558,1995-03-08,T,31600,1981-06-23
304,-1498,2012-09-15,,28200,1956-12-01
304,764,2018-07-26,,4500,1959-12-28
305,1081,2025-01-30,F,28000,1997-01-15
306,-821,2025-06-16,T,26600,2023-01-07
306,-301,2026-05-12,,17700,2022-05-22
306,-1213,2026-06-14,T,10300,2024-10-07
306,1159,2026-06-04,,19400,2022-11-01
307,843,2017-01-05,T,19000,2016-07-05
307,1747,2025-06-22,T,23100,2018-04-11
307,-1966,2023-04-22,T,15000,2018-06-30
308,-1568,1959-04-02,F,13900,1930-12-22
309,-619,2012-04-11,,15600,2010-08-16
310,1046,2014-05-03,F,15100,1923-03-01
310,-926,1986-04-20,,32300,1976-12-17
310,261,2021-01-26,F,28500,2019-02-23
310,-102,1976-04-25,,10400,1966-11-30
310,-1304,2024-01-21,F,26000,1920-12-24
310,1716,2019-03-13,,17200,1950-08-22
310,-285,2018-09-30,,14200,2018-06-06
310,1143,2010-10-04,,30600,1968-12-20
312,83,2008-12-05,F,2000,1987-08-30
312,309,1991-08-02,,19700,1981-09-05
312,-1517,2024-06-12,,6500,2012-07-07
312,34,2026-01-04,,26900,2022-12-04
312,-91,2003-10-08,F,6400,1977-10-21
312,1585,2003-08-10,F,30100,1989-02-02
312,346,2010-07-30,,3100,1986-01-19
312,236,1991-12-13,F,13200,1979-10-08
312,-1905,1987-07-18,F,12100,1982-07-28
312,-480,2020-10-21,F,1600,1986-10-30
312,1694,2014-01-06,,900,1989-08-28
312,-1725,2001-02-02,,18700,1991-08-15
312,840,2026-03-05,F,3200,2006-09-04
313,861,2000-12-18,F,5000,1961-06-18
313,-1383,2024-11-30,T,5000,1980-07-22
313,1181,2026-02-17,,31500,2005-06-18
313,-1673,1977-09-05,,9400,1966-12-22
313,-696,2018-11-23,,29200,1996-06-17
313,311,2006-03-21,,16700,1981-05-03
313,-1595,2000-10-19,F,29600,1957-05-25
313,859,2010-11-07,F,31400,1963-09-24
313,-1110,2002-01-21,F,7200,1962-07-21
313,1720,2006-11-08,F,11700,2003-02-15
314,-425,1915-12-21,T,200,1908-02-17
314,1377,1971-03-03,F,19300,1939-07-03
316,1253,1998-11-25,T,19600,1994-12-22
316,-1427,1929-11-05,,16100,1928-10-11
317,702,2014-08-30,T,30200,2001-11-17
317,-1716,2021-07-03,,2300,2000-10-25
317,-612,2009-12-16,F,25300,2003-01-27
318,-1289,2004-04-08,,23400,1989-01-15
318,1388,2008-08-23,F,19100,1992-09-14
319,716,2008-09-01,,18000,1999-04-22
321,16,2005-09-06,T,20200,1935-11-29
321,1,1977-06-18,F,7200,1972-08-17
321,-1460,1983-07-02,F,7300,1982-09-02
321,-1361,1973-10-08,T,28300,1927-05-17
321,-406,1992-03-26,T,6700,1928-08-15
321,1715,2010-11-02,F,21400,1961-12-12
321,-981,2018-05-24,,9600,1971-01-31
321,-238,1984-02-12,,7200,1964-04-08
321,243,2020-12-12,T,22800,1964-06-08
321,-107,1985-11-18,,20200,1942-06-16
321,-1356,2008-03-18,,8500,1965-03-27
321,518,2026-06-01,,31500,1947-11-27
321,-1416,2018-04-10,T,22200,1941-01-01
322,220,2025-07-13,,18800,2023-08-06
322,498,2025-02-14,,16800,2023-11-30
322,-1064,2022-12-09,T,26400,2022-04-04
322,-1834,2026-03-14,T,8900,2022-08-10
322,-81,2024-04-09,T,18000,2022-10-27
322,559,2025-07-24,T,16500,2022-06-27
322,1497,2026-08-03,,1600,2024-01-28
322,-1344,2024-07-29,T,5200,2022-04-04
323,-1891,1984-10-29,F,28400,1938-09-18
323,130,1982-02-03,,31100,1941-08-02
323,922,1994-09-17,,32400,1964-08-04
324,-345,2002-04-17,,8500,1915-05-01
324,-1316,2016-06-25,T,24700,1987-05-15
324,-394,1970-08-21,T,10400,1962-07-12
325,-1624,1999-10-29,F,11600,1967-02-03
325,-1836,1970-06-24,F,13100,1953-07-08
325,-801,1971-09-15,,26700,1959-03-27
325,-1068,1993-08-15,F,4500,1945-03-03
326,-152,1963-10-12,T,11100,1935-10-02
326,-467,2013-07-18,,2400,1999-11-24
326,1270,1984-10-12,T,27600,1981-03-09
326,400,1996-11-27,T,20400,1948-01-04
327,1895,2024-07-03,T,14800,2007-05-04
327,-806,2023-07-25,F,21800,2008-07-10
327,216,2023-02-27,,26300,2010-01-12
327,1659,2022-10-24,,27500,2019-06-21
327,-193,2025-09-14,F,12800,2006-04-01
327,-1633,2018-11-18,,10500,2009-03-24
328,1631,1995-04-03,,22600,1974-01-30
328,-324,1991-01-06,T,100,1944-12-05
328,-701,2000-03-07,F,28200,1942-07-12
328,-1309,1997-12-14,F,19700,1948-04-15
329,-526,2019-07-06,T,31000,2018-11-08
329,984,2017-12-25,F,16000,2015-02-28
329,1036,2024-04-03,F,20200,2013-11-08
329,1555,2025-01-18,T,4600,2010-09-13
329,-1612,2024-11-09,F,25000,2011-10-17
330,1504,1987-01-23,F,6900,1959-12-26
330,-48,2008-04-02,F,,1973-09-01
330,-222,2017-09-04,,,1959-01-03
330,1608,2019-01-20,F,29900,1998-04-09
330,-1480,2020-01-30,T,6900,2006-11-20
330,1075,2011-03-09,,29900,1958-05-13
332,1294,1931-07-29,,10800,1928-06-14
332,-1397,1926-04-27,,24300,1924-07-24
332,731,1956-12-27,,32200,1941-03-07
332,-37,1946-05-28,,10800,1933-04-19
332,-1890,1934-07-23,,14200,1926-01-29
332,-616,1940-06-13,,8400,1930-06-26
332,274,1928-10-06,F,32700,1920-09-28
334,1380,2020-09-12,,31800,1971-06-08
334,-272,2004-08-06,,10800,1968-05-31
335,402,2009-10-01,T,700,1922-02-10
335,-42,1938-06-09,F,15300,1920-03-17
335,-1065,1937-07-26,F,21700,1928-06-14
335,639,2006-02-04,,800,1990-11-14
335,1644,1986-08-08,F,1000,1947-07-23
335,-1481,2023-12-29,,9000,1924-10-12
335,-127,1971-11-14,,4000,1936-07-22
336,-114,1945-09-03,,28300,1941-11-28
336,1879,1981-01-26,T,32600,1966-02-18
336,1325,1968-06-28,T,25800,1918-07-03
336,983,1978-05-22,T,6600,1927-02-14
336,-1427,1967-02-23,,31400,1949-10-16
336,1694,1960-05-07,,11300,1919-06-01
336,-1906,1950-05-14,,29700,1948-04-26
338,-752,2023-11-21,T,11700,2011-01-13
338,-1255,2019-03-05,F,28900,2012-10-14
338,612,2013-09-05,T,5700,2002-02-13
338,-1720,2024-08-25,F,10800,2015-11-26
338,-776,2005-01-30,F,7700,2001-09-23
338,-1484,2003-01-19,T,1500,2002-04-10
338,-937,2011-11-02,F,32200,2007-07-08
338,-855,2001-10-05,F,28200,1999-12-17
338,1495,2014-08-21,F,24100,2009-09-29
339,-1272,2015-06-25,,,2010-09-28
339,656,2024-07-27,T,6900,2013-06-02
339,-1823,2018-11-03,T,29900,2015-02-27
339,996,2015-01-14,,6900,2012-11-10
339,-667,2016-04-07,T,,2011-12-09
339,-586,2018-05-25,,29900,2014-01-02
339,-1804,2026-01-12,F,6900,2019-04-08
339,916,2020-03-10,T,29900,2011-01-19
339,922,2025-10-03,,29900,2016-01-29
339,-484,2026-06-20,,29900,2020-04-28
339,-904,2023-11-13,F,6900,2013-05-24
341,-352,2006-07-18,F,24500,1927-07-03
342,1488,2009-10-28,T,10100,1960-11-11
342,106,1966-10-13,,100,1965-07-02
342,629,2008-07-07,T,2600,1993-02-08
343,-1911,2009-12-30,,16400,1996-08-06
343,-977,1981-01-10,,21600,1975-02-11
343,1960,1964-09-17,,27600,1947-01-28
343,-1063,1992-11-07,,14400,1986-01-28
343,281,2008-10-07,,22300,1978-10-23
343,-1520,1969-02-17,,8200,1947-10-07
343,-1359,2019-06-30,,32700,1970-10-03
343,-173,2002-12-22,,2900,1964-07-22
343,-857,2001-03-10,,6800,1945-08-01
343,-1540,1992-06-11,,20900,1946-11-16
343,-979,1997-07-03,,31800,1970-12-29
343,188,2010-08-10,,27900,1960-02-24
343,-252,1991-11-24,,27500,1991-03-18
343,1289,2013-08-27,,13200,1945-12-04
343,-658,2000-04-18,,18600,1994-09-03
343,-1114,2014-09-28,,31400,1954-10-06
343,-1041,1997-06-23,,18300,1942-04-29
343,1506,1992-02-23,,29600,1976-03-10
343,-528,1946-09-02,,4300,1945-05-16
343,227,1971-10-08,,24100,1955-09-09
343,-1133,2024-11-01,,15200,2014-03-08
344,-1119,2012-12-26,F,1500,2010-09-27
344,162,1945-05-29,T,31900,1934-03-29
344,735,1981-09-29,,8500,1958-11-02
344,-779,1975-07-14,T,12700,1946-06-27
345,760,1982-11-23,T,10600,1958-05-24
345,-731,2008-07-11,T,1000,1917-06-02
347,-1630,1979-01-21,F,12700,1957-12-06
348,213,2017-07-17,T,21300,1942-06-11
348,-1627,1992-09-21,,21800,1938-08-28
349,1262,2018-06-03,T,200,2001-07-08
349,1551,2011-10-27,F,5800,1994-05-18
349,-1770,2014-06-10,T,18000,2008-01-29
349,1277,2016-02-17,T,22300,1996-07-25
349,963,2013-03-15,T,8500,1983-06-09
349,1681,2023-06-24,F,32600,2017-07-31
349,300,2012-05-01,,32400,1991-06-11
349,865,2011-04-21,F,28900,2005-01-11
351,91,1962-11-03,T,,1958-10-02
353,771,1978-09-06,,30900,1928-06-26
353,-1365,2009-08-26,,2500,1944-05-18
353,-1460,1953-09-29,,5300,1918-02-17
353,1303,2000-10-08,F,2800,1972-09-10
353,1798,2008-12-06,T,17500,1953-04-24
353,1280,1985-11-10,T,5100,1928-12-11
353,-1542,1980-08-14,,2400,1921-06-03
353,763,1984-01-27,,23300,1916-10-20
353,-1339,2008-09-08,,16000,1936-09-23
353,-1917,2009-01-04,T,31900,1969-08-28
354,-914,2013-02-24,F,23600,2011-11-13
354,468,2020-07-29,F,22700,2019-09-15
355,-1689,2015-07-28,,26700,1995-11-15
355,360,1999-08-16,F,24400,1998-05-19
355,-1038,2024-01-09,T,17300,2004-06-16
355,1514,1999-01-15,F,7800,1979-11-20
356,1747,2023-03-07,T,7400,1981-05-12
356,-1796,1987-01-21,F,3400,1983-06-03
358,-1616,2017-11-22,T,2400,2006-08-17
359,-1543,2022-04-09,T,29600,2018-06-21
360,1919,2026-05-13,,13000,2022-10-16
361,-1753,1980-09-07,,5000,1978-08-11
361,48,1953-08-16,,1100,1918-04-22
361,1677,1997-02-11,,16400,1921-07-30
361,1822,1978-08-03,,4700,1928-07-01
361,-611,1981-11-22,,26500,1961-03-31
362,43,2023-10-30,,13000,2022-03-26
362,1971,2021-08-27,,2200,2019-10-02
362,455,2024-07-04,T,26500,2022-04-28
362,1638,2021-04-28,F,19900,2019-07-25
362,-463,2025-11-24,F,5100,2024-09-17
362,-1903,2026-01-15,F,29600,2023-06-20
363,433,2007-01-01,T,10900,1927-02-16
363,-1062,2005-06-06,,4900,1956-10-16
364,721,1963-10-05,F,14600,1935-09-01
364,445,1905-05-01,F,4500,1904-05-04
364,-1215,1996-03-28,F,8800,1968-07-05
364,172,2024-05-23,T,0,1915-04-27
364,-139,2005-04-06,,23600,1929-08-21
364,-325,2002-12-24,F,10200,1995-12-22
365,-611,1986-08-22,,25300,1963-10-01
365,825,1997-03-22,,17000,1961-10-14
366,869,1985-11-19,,26300,1962-07-26
366,332,1993-08-04,T,9900,1943-02-06
366,1509,2010-11-14,T,18300,1989-06-04
366,-1897,1996-02-18,F,4400,1994-10-02
367,1435,2007-02-09,F,0,1998-01-25
367,1680,1986-02-22,,27000,1977-10-30
367,-621,1972-12-28,F,28500,1967-11-16
367,-774,2016-05-03,,24800,1989-09-28
367,-1493,1980-06-16,,13900,1970-03-27
367,1645,2011-06-19,F,20900,2005-03-30
367,201,1977-01-27,,19300,1976-07-07
368,532,2026-05-29,T,29200,2026-03-13
370,1966,2023-07-01,,31600,2016-11-16
370,486,2020-01-12,T,8200,2016-10-29
370,662,2025-04-18,,28600,2022-04-02
370,1112,2024-03-30,,9400,2018-07-01
370,1089,2026-05-24,T,8900,2018-04-17
371,-1082,2019-06-11,,9600,2001-04-14
371,-1366,2007-04-11,T,21400,1991-01-16
372,1027,1990-08-15,,18300,1979-02-04
373,-1989,2002-09-16,,32000,1986-02-16
374,-204,2025-05-29,,3800,2012-05-03
375,122,2026-07-11,,11900,2016-03-11
375,944,1988-12-25,F,18000,1966-10-24
375,-1480,2010-10-03,T,1700,1994-03-16
375,1844,1997-01-12,,24500,1932-08-24
375,-1200,2024-09-03,T,9300,2005-09-10
375,-836,1960-12-02,,16700,1935-04-17
375,137,1976-12-01,T,18600,1968-04-21
375,-1316,1967-05-08,,10800,1941-05-23
375,-1998,1991-05-03,F,17100,1957-11-26
376,-1915,2024-03-25,,17700,2002-06-24
376,548,2018-11-25,,3400,2013-11-15
378,951,1999-07-20,T,24900,1986-05-26
378,1096,2006-10-03,,16200,1984-09-29
378,1709,2009-02-10,,4600,2006-07-29
379,-632,1950-10-05,F,4200,1946-02-03
379,550,1991-08-10,T,29900,1988-08-19
379,-28,1974-08-05,F,19800,1965-04-09
381,1987,2017-10-28,,18000,2005-06-09
381,-538,2024-01-06,T,21400,1961-02-23
381,768,2006-10-25,,17200,1969-04-15
381,-1760,2016-03-25,T,28600,1969-04-01
382,207,2024-05-14,,10900,2010-09-28
382,116,1996-06-27,,26400,1987-01-04
382,640,2010-08-06,,17400,1964-08-20
386,1514,2023-02-15,T,20300,1990-10-14
386,-656,2016-08-19,,15300,2006-02-04
386,712,2018-09-01,,20100,1989-09-13
386,1265,2017-10-01,T,28800,1994-12-14
386,343,2012-08-03,T,25800,2004-04-07
386,1982,2016-08-10,T,500,1990-09-15
386,1427,2016-01-25,,1800,1981-10-09
386,701,1994-12-14,T,21600,1978-11-09
386,-1602,1987-07-17,,29400,1978-09-19
386,851,2009-04-20,,20500,1991-12-29
387,909,2025-02-17,T,15500,2002-11-29
389,181,2025-09-02,F,6100,2024-01-31
390,1104,1999-04-01,T,16900,1989-06-16
390,1651,2001-02-12,F,12900,1994-12-09
390,538,2019-05-03,F,31900,1982-09-21
390,-389,2024-11-03,T,22900,1986-08-29
390,-1133,2004-03-10,T,800,1994-09-17
390,-1079,2023-10-22,T,18700,1982-11-20
390,-215,2025-06-05,F,12900,1998-09-27
390,1118,2007-02-04,F,22000,1990-06-12
390,1199,2000-10-12,,7000,1985-11-13
390,-215,2006-01-14,F,7700,1996-07-10
390,-1880,2010-06-22,F,18700,1987-12-01
390,-787,2024-06-08,F,11900,1994-01-21
391,-1050,2025-10-15,F,6700,2011-06-07
391,-1368,2020-08-29,T,29600,2017-10-10
393,1774,1960-12-22,,17800,1956-05-23
393,-498,2011-04-14,,2900,1942-06-13
394,-1428,2006-01-27,T,15200,1934-11-05
394,-715,2020-11-29,T,5200,1919-07-02
394,-98,1956-01-09,T,5200,1919-09-05
394,-996,2025-08-23,T,6000,1957-08-02
394,1474,1991-09-07,F,6000,1930-04-17
394,157,1982-10-12,T,15200,1928-07-03
395,-1488,2013-10-11,,9300,1965-08-17
395,-252,2003-12-16,F,200,1961-03-31
395,443,1979-03-25,T,7100,1960-09-01
395,1618,2008-06-11,T,5600,2002-10-28
395,-851,2021-02-10,F,200,1998-01-03
395,-1296,1982-07-28,,8500,1975-11-19
395,-352,2025-05-02,,21400,2005-12-22
395,1320,2025-11-06,T,6100,1999-03-28
395,1163,1976-06-19,F,3900,1961-02-09
395,-1364,1976-06-03,T,19500,1969-01-20
395,-425,2011-10-06,T,200,2003-10-18
395,277,1990-12-07,F,22800,1960-09-09
395,103,2018-10-27,T,25900,2009-02-24
395,-1150,2002-01-29,F,5800,1991-05-30
396,1475,2007-06-19,T,24800,1949-09-29
396,57,2018-01-26,,12800,2003-09-15
397,-955,2021-07-27,F,5400,2020-05-21
397,18,2024-02-06,,28300,2020-12-28
397,1194,2024-12-10,T,1700,2022-05-03
397,-1453,2024-11-01,F,5200,2023-02-19
397,346,2022-09-24,T,13200,2020-02-02
398,308,2020-10-29,T,1100,2017-12-13
398,-473,2017-08-07,T,7800,2015-01-04
398,-832,2025-05-26,T,14900,2019-07-09
398,810,2026-05-03,,1600,2015-12-03
400,309,1965-12-02,,27000,1954-10-02
400,1765,2011-12-14,F,,1998-04-08
401,250,1952-08-19,,25200,1948-01-24
401,1784,2018-06-14,F,18800,1988-03-05
401,1940,1976-05-26,F,31100,1962-08-27
401,-1467,1967-08-29,,28300,1943-02-02
401,-834,1990-10-07,,5400,1957-08-02
401,-993,2017-10-06,F,10800,1951-01-05
401,-336,1993-11-16,,1200,1979-03-23
402,-1256,2022-08-16,,21300,2013-06-19
402,-998,2009-01-20,,27400,1977-06-30
402,969,1997-05-22,F,5700,1976-03-07
402,-308,2000-04-02,,27000,1977-10-01
402,1533,2020-12-15,F,16100,2011-01-24
402,-1128,2003-11-11,F,22300,1980-11-07
402,577,2014-12-12,F,22800,1992-05-11
402,-1414,2010-07-16,,18200,1976-05-31
402,-678,2024-02-28,F,19600,1973-09-20
402,1105,1990-11-05,,29300,1979-07-10
402,-791,2020-12-29,,14900,1987-05-02
403,-1208,2003-07-25,T,25600,1973-10-24
403,-1160,1979-06-24,T,3900,1979-02-09
403,-1259,2006-12-29,T,32000,1986-12-30
403,-1353,2020-05-07,,7800,1983-05-13
403,-1254,2010-07-02,F,11200,1971-10-19
403,1879,2004-03-20,T,19000,1972-01-03
404,910,2025-05-15,T,14900,2009-08-03
404,-3,2023-03-19,,16600,2014-11-04
404,-1379,2018-06-03,,26000,2016-04-05
404,118,2024-12-15,T,19600,2023-04-02
404,-1739,2023-11-22,,25500,2017-05-21
404,754,2020-06-14,,500,2017-05-14
404,-901,2024-01-07,T,11400,2017-01-20
404,178,2023-09-15,,3100,2017-05-16
404,95,2017-04-10,,24400,2010-02-03
404,1334,2021-09-19,T,4300,2019-02-02
405,-766,2002-08-17,,30200,1960-10-01
407,822,2018-05-08,T,21900,2016-09-30
407,440,2025-08-23,T,2500,2019-06-01
407,962,2023-03-17,F,9100,2020-12-28
407,11,2025-07-04,F,17400,2019-08-12
407,-1749,2018-02-13,F,,2017-03-25
407,-1797,2023-08-30,,6200,2016-12-07
407,1583,2020-10-06,,32300,2018-02-24
407,-667,2017-05-18,T,1400,2017-05-03
408,617,2012-03-20,,8600,1944-07-27
409,-1241,1994-05-05,,2000,1968-10-18
409,1435,2023-10-09,,8000,1954-01-13
409,433,2022-04-08,T,31900,1946-05-22
409,-1921,1967-06-15,T,28700,1946-01-10
410,-171,2018-01-13,T,11100,1991-02-13
411,1344,2000-11-18,,21600,1931-11-09
411,-598,1981-12-07,,6200,1977-01-23
411,-1977,1942-03-05,,8500,1913-12-25
411,66,1945-10-13,T,21600,1928-06-18
411,1763,1994-04-09,,27900,1988-05-21
411,-219,1996-08-24,T,3700,1978-08-11
412,-1500,1987-09-11,T,10100,1972-05-04
413,282,2009-03-13,,19600,1983-01-16
413,966,2011-06-14,,11900,1992-04-24
413,606,2021-08-28,,26000,1993-04-03
413,1671,2014-01-19,F,25800,1974-05-02
413,1297,2010-09-24,F,17700,1967-08-28
413,49,2006-12-26,F,21600,1994-07-10
413,-1134,2003-06-10,F,29700,1977-08-27
414,1514,1999-04-24,T,26000,1983-10-10
414,-152,1980-04-04,T,7800,1974-09-17
415,1568,2024-09-27,,17100,2018-08-30
415,1216,2012-03-31,F,19900,2008-02-26
417,818,2025-06-05,F,16900,1950-03-16
417,1075,1998-01-14,T,16000,1934-03-31
417,-556,1973-06-03,T,16000,1927-05-29
417,-204,1997-02-12,F,13500,1985-05-06
417,632,2002-03-01,T,25000,1920-06-24
417,623,1950-09-21,T,2200,1936-10-01
417,-33,1988-07-31,T,1900,1934-04-20
418,-649,2026-07-09,T,,2026-06-21
418,1354,2026-05-12,,6900,2024-11-10
418,-1069,2025-03-16,T,29900,2024-11-28
419,-994,2018-10-22,F,25000,1927-03-23
420,378,2019-06-17,T,5600,2014-03-19
420,77,2025-02-01,T,11900,2019-04-15
420,-1176,2026-05-19,T,25200,2017-01-12
420,1178,2021-10-12,,3500,2014-12-16
420,-1168,2024-09-25,,25900,2019-10-02
420,1198,2026-07-20,,16500,2015-08-05
420,-1351,2017-02-01,T,23100,2015-10-03
420,-1906,2021-11-03,,6300,2018-10-11
420,626,2025-05-24,,7800,2015-09-30
420,-1690,2018-01-18,,27600,2016-06-09
420,356,2026-07-17,,2900,2026-05-10
420,1441,2025-02-01,T,28600,2014-08-25
420,1873,2024-11-08,T,27700,2023-02-18
420,534,2025-05-30,T,13100,2021-12-15
420,-171,2024-04-16,T,19200,2019-10-13
420,-150,2021-12-28,T,1000,2021-06-29
421,-256,2025-09-30,F,20200,2024-08-25
421,-97,2026-07-12,,2800,2024-09-17
421,804,2026-02-01,F,17200,2024-03-15
421,1680,2026-05-21,F,19400,2024-03-19
422,534,2026-06-25,F,14500,2018-01-03
422,1390,2022-01-01,T,19200,2019-01-04
422,-1958,2024-07-06,F,30200,2022-10-31
423,1199,1998-12-23,,29900,1987-10-12
423,-627,1998-12-08,,,1954-12-02
423,-1227,2008-05-19,F,29900,1987-12-07
423,1425,2011-07-20,T,,1975-11-09
424,1334,2000-04-12,,14300,1982-10-04
424,1218,2016-02-04,T,10500,1995-05-27
424,908,1999-01-05,T,18000,1993-02-13
424,686,1999-04-10,,26800,1991-12-07
427,-1985,2024-11-04,,26000,2023-07-25
429,864,2021-09-30,,18300,2014-07-29
429,-274,2023-05-09,,28900,2009-08-02
430,-1545,2024-02-02,F,32300,2023-10-08
430,-641,2025-10-28,,14900,2025-08-10
430,-204,2024-05-28,,10800,2024-04-03
431,1891,1953-05-29,T,27600,1940-04-29
431,1115,1976-11-16,,9400,1948-12-23
431,-27,1979-09-25,T,32400,1933-12-24
432,-1655,2021-12-09,,20400,1994-01-22
433,201,2017-06-16,T,1000,1960-08-12
433,-1393,1967-11-10,T,29900,1950-03-03
433,-1923,2012-04-29,F,3900,1978-04-02
433,447,1950-07-13,T,28000,1945-11-07
433,860,2024-10-13,,29600,1947-09-15
433,-1783,1989-05-03,T,800,1958-05-26
433,-962,2020-03-27,,7200,1975-06-21
433,-322,2002-04-09,T,7100,1941-08-20
433,1926,1959-12-31,T,4600,1926-07-18
434,947,2020-06-22,F,4500,1998-10-18
434,402,2014-10-17,T,13600,2001-06-18
435,1499,2022-03-26,,28300,2009-01-18
435,1593,2022-01-26,F,29600,2014-02-15
435,1779,2022-06-08,F,30700,2021-03-03
435,-1686,2019-07-29,,13600,2016-11-07
435,1711,2021-10-04,,29100,2018-07-21
435,101,2012-03-12,,8500,2007-12-08
437,980,1998-02-25,F,29700,1966-03-12
437,-954,1989-09-28,,5500,1947-09-21
437,-191,2014-12-05,F,19600,1945-05-02
437,-1755,2015-07-24,F,21100,1952-10-17
437,-137,1977-08-16,F,32100,1975-05-11
437,240,1966-08-21,,19600,1962-08-23
437,517,2003-07-15,F,3000,1956-03-18
437,1353,2017-11-06,,1400,1945-09-16
437,-943,1972-09-05,,2800,1961-05-17
437,-489,2008-02-05,,7000,1982-12-15
437,-524,2015-10-25,,29400,2012-01-21
438,1248,2003-05-23,,4900,1953-04-02
438,-964,1973-02-16,F,18100,1965-11-05
439,-590,1998-04-28,,21600,1933-07-31
439,388,2005-01-23,,17900,1979-08-18
441,518,2002-06-26,,15900,1926-08-11
441,171,1947-02-08,,7200,1939-08-25
441,544,2017-05-28,T,30300,1990-12-16
441,-1951,1974-11-08,,5200,1940-07-11
441,-993,1958-04-18,T,13400,1937-06-08
441,1494,1992-11-17,,22300,1950-10-30
443,-1607,2019-08-10,T,2900,1995-06-21
443,-1276,2012-03-10,,11000,2000-03-18
443,-1001,2026-06-02,T,23300,2024-01-04
443,1665,2019-05-08,T,4400,2000-06-27
443,-858,2018-02-22,T,25000,1997-01-09
445,1199,2019-06-05,,15200,2014-08-14
445,1480,2018-07-18,T,5200,2013-12-19
445,-1783,2024-01-31,,0,2014-09-08
445,70,2023-09-12,,15200,2015-01-02
445,873,2019-04-17,F,5200,2018-04-05
445,-537,2019-12-31,,15200,2018-09-14
445,1776,2016-09-09,F,4600,2014-12-29
445,-147,2020-06-06,,21600,2019-08-13
445,-1904,2019-12-24,T,,2018-06-25
445,-709,2026-01-29,,6000,2015-11-26
446,1809,1989-05-23,,9000,1987-01-31
446,-424,1997-11-09,,12900,1993-11-24
447,-181,1922-04-14,,20900,1921-04-13
447,184,1946-10-18,,9000,1943-12-21
447,-220,2025-07-11,,13600,1997-07-25
447,-502,1921-12-08,,3100,1912-12-21
447,-735,2001-05-28,,25500,1914-10-10
447,-1073,1971-02-11,,27100,1953-05-12
447,-767,1936-07-10,,18600,1926-08-05
447,-165,1969-11-24,,19400,1964-03-04
447,1339,1920-08-26,,22800,1916-09-25
447,-1786,2018-03-22,,32200,1959-11-02
447,1920,1977-12-19,,19900,1944-06-13
447,617,2026-08-08,,23700,1966-07-05
447,-1090,2003-07-30,,8200,1969-04-27
447,-730,1942-03-08,,13200,1930-08-05
447,-637,1987-09-15,,20900,1915-01-07
447,-1222,2000-12-03,,27100,1937-07-22
447,-2,1976-07-14,,7200,1954-07-03
448,1303,2011-04-28,T,14800,1974-10-28
448,-1781,2023-01-01,T,7200,2002-03-31
448,1497,1988-11-28,T,2500,1987-12-06
448,-676,2001-04-05,T,19500,1992-03-13
448,-640,2012-03-12,,4900,1969-10-13
448,-658,2002-03-31,,29600,1962-05-18
448,-250,2006-12-29,,14200,1977-07-26
448,1779,2019-02-19,,29700,1967-02-03
448,1153,1998-12-19,,16800,1989-05-15
449,-474,2003-02-09,T,,1994-01-28
449,-1513,1995-10-16,F,5200,1961-12-07
449,-846,2008-01-12,F,21600,1972-11-13
449,-1898,2023-04-15,,15200,1957-09-19
450,1105,1982-08-24,,8100,1936-04-08
450,-1463,1955-01-11,,17700,1924-12-23
451,-1375,1987-05-01,,31900,1987-01-11
451,-1266,2008-12-03,F,6800,1998-12-30
451,-390,2005-03-19,T,30700,1993-04-19
451,333,2003-11-25,T,26500,1995-02-07
451,614,2008-11-30,T,29600,1975-02-21
452,-69,1952-03-17,T,10800,1939-06-20
452,-647,1985-06-13,F,30000,1942-07-06
452,624,2021-04-11,F,18300,2005-04-21
452,-528,1958-06-10,T,11500,1957-03-27
452,624,1986-08-23,T,30600,1982-02-28
452,251,2016-09-23,T,16500,1978-01-27
453,-368,2023-11-05,F,15600,2022-10-13
453,1745,2020-04-10,,31400,2014-12-11
453,1214,2020-09-12,F,1400,2015-10-20
453,113,2020-03-18,T,10800,2017-08-10
453,-750,2017-05-10,F,18400,2013-10-27
453,-826,2022-04-24,,18100,2017-06-14
453,1131,2025-08-23,T,21700,2014-02-16
453,1011,2024-04-13,T,24300,2019-01-17
453,-750,2024-02-21,,7400,2015-09-17
453,1752,2022-04-09,F,14800,2016-02-09
453,1954,2020-08-13,T,13000,2018-07-27
453,1422,2021-03-20,F,18300,2015-06-06
453,-1236,2024-05-13,T,,2016-05-25
453,-1856,2026-05-14,T,29700,2017-03-13
454,-871,2001-11-09,,19400,1960-03-28
454,-2,1972-04-29,,11400,1964-11-05
454,860,1965-09-02,,17500,1956-12-15
454,-1281,2020-10-21,,500,1972-04-06
454,1577,2023-03-09,T,13800,1997-11-04
455,-1387,2006-06-25,F,25500,1985-08-16
455,-877,2000-07-03,T,13300,1988-06-21
455,1256,1992-09-07,F,8700,1989-05-29
455,-688,2021-02-23,T,30100,1986-07-31
455,-248,2005-04-15,F,2400,1987-03-09
455,403,2014-02-17,F,22200,1991-11-20
455,253,2014-12-04,T,13700,2004-02-11
455,-42,2018-09-24,F,3900,1992-03-27
457,-6,2015-09-18,T,6900,1937-04-09
457,303,2018-08-22,T,14400,1918-01-02
458,1783,1986-02-04,F,,1956-11-27
458,792,1967-07-07,,,1915-12-15
461,237,2016-05-21,T,23900,2012-05-10
461,1501,2004-02-25,T,26000,1982-09-17
461,-271,1978-06-02,T,30600,1962-06-18
461,-1689,2025-01-12,,17000,1964-07-24
461,93,2026-08-10,T,12000,1970-06-20
461,-1533,2024-03-16,T,22200,1956-11-05
461,552,2011-05-09,,22800,1963-04-25
461,1761,2014-02-25,,32300,1944-10-22
462,-1724,2013-06-25,,6400,1964-07-13
462,589,2024-10-08,T,7700,1990-05-17
462,4,1991-05-03,,10100,1963-12-12
463,1229,2021-12-20,,9400,2017-12-13
463,1676,2021-05-01,T,15100,2017-08-03
463,-469,2021-02-12,T,15300,2018-09-08
465,-1152,1991-06-25,T,6700,1985-01-14
465,247,1966-07-16,T,11400,1956-12-05
465,460,1985-01-20,T,17000,1977-04-15
465,-1585,1997-12-28,T,2200,1944-09-06
465,-1121,1999-04-04,F,23300,1947-09-12
466,1159,2020-10-11,,20000,1997-11-03
467,-865,1980-03-27,T,7300,1961-01-01
467,-243,1982-05-12,,28900,1956-12-02
468,-1279,2026-05-26,,,2024-07-14
468,-147,2026-07-12,F,29900,2023-11-11
469,-1173,2021-06-04,T,3700,2001-07-15
469,697,2024-06-21,,15400,2017-10-18
469,-1055,2008-06-23,T,9800,2001-05-25
469,228,2006-12-29,,21600,2000-11-06
469,-124,2016-05-24,T,22200,2002-06-06
469,-1815,2018-06-28,,9400,2010-04-26
470,-1835,2026-02-27,T,15500,2019-12-09
470,1968,2005-08-06,T,7100,2001-11-15
470,-167,2011-05-23,F,21900,2008-04-05
470,589,2006-10-18,F,12500,2006-01-02
471,-198,2024-06-21,T,24500,1967-05-03
471,1173,1989-08-28,,6700,1960-12-25
471,-302,2024-07-04,T,17700,1990-11-07
471,988,2026-07-21,,31800,1969-03-28
471,-334,2006-11-22,,32300,2004-04-21
471,1630,1978-05-11,,17100,1963-07-22
471,70,1980-02-09,,9400,1962-02-09
471,406,2020-04-25,T,29200,2015-01-18
471,-2000,2018-10-25,,7000,1975-10-29
471,-721,2008-02-02,,28000,2004-12-02
471,642,2024-05-30,T,12700,2023-10-10
471,1619,2020-11-17,,24400,1976-02-03
472,222,2024-07-15,F,32200,2018-12-15
472,-1540,2021-08-04,F,5100,2020-01-26
472,1430,2024-02-04,F,32500,2016-01-28
472,1500,2024-02-21,,4300,2017-02-08
474,277,1979-09-22,T,23900,1963-04-16
474,-791,1963-10-23,,22400,1936-02-17
474,-1479,1967-08-20,F,21900,1936-01-17
474,708,1934-12-05,,17500,1923-05-09
474,375,1955-01-18,,28700,1938-11-24
475,87,1943-09-30,,9300,1941-12-27
476,220,1988-11-18,,4600,1984-12-17
476,-1692,1983-05-13,F,,1979-01-30
476,1695,1983-06-19,,4600,1980-12-17
476,-1513,1989-11-06,,6000,1985-04-13
476,1180,1989-11-22,,17400,1987-01-31
476,-1402,1989-03-26,F,3700,1983-01-21
477,1691,2001-11-15,T,28500,1967-05-30
478,842,2022-08-13,T,15500,2016-03-07
478,410,2020-08-24,,8000,2012-02-28
478,-1610,2018-07-07,T,32100,2012-11-02
479,1386,2008-07-10,F,30100,2002-06-26
479,123,2024-02-06,T,10600,1947-06-03
479,-896,1997-03-05,F,3400,1989-08-12
479,1812,1981-06-14,T,1300,1976-11-26
479,-907,1971-09-01,F,2500,1953-01-19
479,-1027,1970-08-24,T,25600,1967-11-02
480,-347,2021-03-05,,13500,2002-08-25
480,584,2010-07-15,,18400,1998-08-02
480,538,2017-10-09,T,19700,2011-01-07
480,-143,2023-10-25,F,7300,2015-03-01
480,1640,2014-02-20,T,8500,2000-07-22
480,1667,2025-05-19,F,5600,2014-03-02
481,890,1998-09-03,,23900,1953-05-06
481,1189,1989-08-05,F,26200,1914-04-18
482,324,2026-02-07,,18700,1999-12-14
482,-456,2015-09-07,,32100,2010-09-03
483,346,2025-03-16,F,5600,2024-03-02
483,-241,2024-05-01,,16600,2023-11-30
483,76,2025-02-20,,16200,2023-07-18
483,1415,2025-05-13,F,10800,2023-05-06
483,-1434,2026-01-09,,13100,2023-06-21
483,1805,2026-06-13,F,1200,2025-04-23
483,-993,2026-04-23,,30700,2025-10-28
483,713,2025-06-11,F,29300,2024-06-04
484,-881,2026-06-25,,2300,1993-07-14
484,-1925,2021-05-10,,10200,1970-02-13
484,-236,2021-04-23,F,25600,1985-12-14
484,-546,2022-01-05,F,27200,1992-04-14
484,-305,1992-02-01,,3600,1967-04-20
485,269,2020-06-29,,800,1992-12-31
485,539,2011-07-14,,5800,1992-02-07
485,-1724,2026-03-11,T,19200,1994-03-09
485,-192,2008-03-20,T,2000,1991-04-28
485,-609,2012-06-10,,16500,2008-11-04
485,1967,2018-01-08,,30300,2007-04-21
486,860,2021-03-13,F,16700,2016-10-06
486,1590,2020-05-21,,18000,2017-10-13
486,1679,2026-07-10,F,31800,2024-02-29
486,1237,2026-05-02,F,17000,2026-01-10
486,-321,2023-12-07,,17200,2021-11-09
486,1268,2025-08-29,F,13300,2017-06-02
486,-1898,2022-09-15,F,23800,2022-02-19
486,-1881,2023-11-05,F,20400,2020-02-01
486,-1381,2022-11-26,F,21900,2018-10-21
486,1026,2021-01-26,,2900,2019-06-03
486,-698,2025-11-01,,2600,2021-05-18
486,-608,2026-03-05,F,22600,2022-07-14
487,-1140,2025-08-01,T,23600,2025-05-14
488,1082,1982-05-30,T,7400,1973-06-17
489,-455,1987-12-26,,11600,1973-02-02
490,-601,2015-01-07,,19300,2006-10-02
490,-2000,2011-03-24,F,17600,2005-09-22
490,-170,2009-03-28,,4900,2000-03-02
491,260,2021-12-26,F,5100,2021-03-30
491,1471,2024-10-08,,18900,2021-12-21
491,-1455,2024-09-14,,21400,2020-07-11
491,-764,2026-05-19,F,20200,2026-03-22
491,-57,2026-07-15,F,9700,2024-05-12
491,1395,2026-07-30,F,25500,2025-07-05
492,1583,2026-07-07,,,2026-06-08
493,1144,2022-01-07,F,27000,1988-10-31
493,443,2015-02-05,F,7200,2011-06-06
493,830,2016-01-24,F,800,1987-07-14
494,-328,2016-10-10,T,17900,2012-10-17
495,-418,2020-02-27,T,28000,2017-01-21
495,981,2017-01-13,T,30000,2001-04-18
496,-846,1990-07-03,,19700,1971-09-03
496,1953,2022-10-22,T,15200,1993-08-28
496,-285,2009-06-02,,22000,1997-05-09
496,-1593,2014-10-18,T,10000,1996-12-19
496,-1132,2018-03-12,T,3300,1936-06-11
496,121,1984-03-25,,29700,1932-02-28
497,417,2023-05-29,,14600,2008-09-28
498,576,1978-02-24,,2000,1958-10-23
498,-1316,1982-06-28,,12400,1948-03-19
499,-1367,2018-06-04,,,1977-02-25
499,-1003,2026-02-10,F,19600,2015-03-02
499,-523,1995-03-19,,23100,1989-06-23
499,-1252,2024-07-05,,27600,2015-07-08
500,1383,1993-05-30,,25500,1936-12-21
500,-795,1938-11-28,,12900,1938-04-13
500,167,2003-10-18,T,21000,1943-06-10
500,-1545,2002-04-22,F,16300,1970-01-24
500,-282,1967-09-28,T,16300,1928-01-18
501,-541,2015-07-11,,6200,1973-02-15
501,-1906,1990-06-30,,8400,1948-05-08
505,30,2023-05-10,F,23200,1990-10-11
506,-537,1998-08-29,T,9800,1998-05-21
506,-1638,2015-07-08,T,,1957-11-06
506,-804,2011-12-07,T,3700,1980-02-21
506,-217,2011-11-19,,17400,1981-07-16
506,-1229,1960-10-24,T,17400,1955-10-25
506,-1133,2023-04-14,T,18800,1977-02-11
506,1099,1998-07-16,,18800,1964-05-23
507,-545,2009-01-26,T,3400,1977-08-01
507,-205,1995-06-27,T,18700,1960-11-26
508,1398,1934-11-21,F,2400,1933-01-26
508,-903,1933-10-12,,32300,1919-07-08
508,518,1928-08-20,F,17400,1911-06-11
508,-580,1926-06-28,F,13000,1918-09-29
508,1153,1939-10-17,,30300,1930-08-15
508,201,1924-01-27,,1800,1923-01-19
508,-855,1935-06-27,F,20300,1930-08-15
508,1109,1926-03-27,F,30600,1915-12-06
508,216,1939-09-11,,100,1912-08-05
512,-654,2026-02-20,,22000,1998-08-06
512,673,2010-02-17,,21100,2007-09-29
513,1560,2011-04-15,F,21100,2006-02-02
513,-1143,2017-06-24,,5000,2008-10-14
513,-74,2025-05-25,T,5400,2020-06-08
513,-110,2017-10-31,F,1500,2010-12-27
513,-1116,2023-06-22,,31200,2023-02-02
513,-1287,2024-01-28,,3700,2006-09-19
513,335,2025-12-23,,30400,2009-03-08
513,-1406,2023-02-24,,16500,2007-03-07
513,784,2022-08-17,T,13600,2020-08-27
513,-1959,2020-10-21,,15700,2015-12-19
513,-1731,2026-02-05,,10400,2025-07-20
513,-1589,2009-06-22,F,15100,2007-01-18
514,1028,2011-08-11,F,1200,1989-11-08
514,-329,1996-10-09,T,19900,1985-03-19
514,980,2026-07-25,F,4100,2008-06-16
514,-1520,2014-02-17,T,18800,1990-03-18
514,170,1996-03-31,F,11400,1989-05-05
514,-1339,2013-02-26,F,28900,2002-10-28
514,137,2023-11-03,,13000,1989-11-06
514,-1364,1989-11-06,,3200,1988-04-10
514,340,2010-11-12,F,12400,2004-11-24
515,-1830,2009-06-01,F,5900,1994-04-18
515,-275,1974-03-30,,20100,1943-09-29
515,-170,1990-03-26,T,31600,1976-10-23
515,-1710,2013-05-18,,0,1987-06-30
515,-762,2022-04-28,,9100,2019-02-22
515,-302,2015-01-29,F,11000,2010-10-09
515,1460,2017-07-03,F,26500,1959-07-02
515,-1172,2010-03-16,T,28600,1977-08-26
515,-655,1984-07-24,T,8200,1953-05-01
516,-1488,2025-06-16,,29700,2014-11-08
516,-1958,2025-11-11,T,25300,2012-01-27
516,-1909,2016-10-13,T,700,2006-05-31
517,-1022,2026-01-18,T,11100,2026-01-10
517,-1027,2025-08-22,,18200,2025-08-01
517,1269,2026-07-15,T,,2025-10-16
517,-1477,2026-07-04,T,27000,2026-02-23
517,-1050,2026-07-12,T,29400,2026-02-15
517,-688,2026-07-02,T,13700,2025-11-22
517,-1678,2026-05-12,,20100,2026-05-05
518,-918,2007-08-22,,7500,2006-06-01
518,14,1923-08-02,F,16300,1920-07-31
519,-618,2025-09-17,,32500,2003-08-26
519,607,2009-01-06,,18800,2003-09-12
519,1297,2019-12-30,,19200,2016-12-11
519,1794,2022-06-20,,27900,2008-02-09
519,-730,2023-09-07,,3100,2009-08-19
519,-358,2016-05-22,,11900,2013-01-26
519,1702,2022-01-18,,2600,2013-03-04
519,359,2018-01-27,,13400,2012-10-12
519,-424,2009-08-28,,23700,2008-03-02
520,397,2007-06-19,,3800,1980-05-12
520,-784,1959-01-28,,2900,1955-12-26
520,-1638,1940-04-09,,29500,1937-01-13
521,333,2008-03-12,T,1700,1995-02-14
521,272,2008-09-05,T,5100,1999-12-12
521,-166,2023-07-27,,30300,2015-06-06
521,263,2020-11-28,,25900,1996-06-19
521,-1077,2016-02-06,T,13700,1990-11-14
521,1116,2018-06-08,,11800,2017-12-16
522,941,2007-06-07,F,30800,2004-01-20
522,-22,2018-04-11,,29300,2004-06-19
522,-13,2025-07-15,F,8800,2010-12-26
523,1819,2026-07-04,,12800,2025-07-06
523,1877,2026-01-21,T,21100,2025-08-14
523,-504,2026-01-30,,18000,2025-04-18
525,1303,2024-10-01,T,8900,2024-08-30
525,1586,2025-07-12,F,4700,2025-06-27
525,-532,2025-08-20,T,25400,2023-11-07
526,1198,2024-07-26,,7100,2023-11-01
526,1634,2016-09-04,T,25700,2015-12-06
526,-771,2000-11-01,T,16600,1997-12-08
527,-333,1994-08-28,,30000,1978-05-01
527,1433,1995-01-26,F,32300,1972-09-23
527,-35,2024-05-08,F,3000,2002-11-24
528,523,2007-12-25,T,31300,2000-07-17
529,-29,2019-04-03,,18800,1997-04-05
529,1634,2013-06-10,T,18800,1997-04-03
531,-660,2025-04-02,,29400,1960-11-26
531,1880,1946-04-13,T,11000,1941-04-20
531,-1069,1979-07-12,T,29900,1972-03-29
531,612,1985-03-05,T,26000,1947-01-21
531,-776,1944-12-09,,8400,1940-07-17
531,1035,1971-01-19,,4800,1954-04-06
532,-151,2014-01-15,F,20900,1988-05-28
532,1535,2014-01-01,,19000,2012-10-12
532,1161,2008-05-13,F,11600,2004-08-05
532,-840,2015-01-06,,8200,2005-04-08
532,-988,2013-03-18,,2800,1989-08-01
532,-497,2003-07-05,F,24200,1992-01-23
532,434,2009-12-02,F,4900,1984-06-27
532,734,1992-02-01,F,29800,1986-09-15
532,-764,2010-06-17,F,25400,1994-12-19
532,1378,2013-01-10,F,5500,1998-12-05
532,507,2026-01-01,,24000,2016-11-19
532,-721,2019-12-26,F,28300,1985-10-15
532,-119,2019-08-18,,1100,1998-07-25
532,981,2016-07-10,,32100,1983-06-24
533,-68,2020-09-26,,20000,2011-03-07
533,-1958,2019-11-26,,8600,2018-02-15
533,624,2007-08-01,,2300,2004-11-05
533,1966,2021-02-18,,25500,2001-03-09
534,1732,2008-07-22,,15800,1975-08-03
534,755,1980-11-26,,29500,1965-06-24
534,-94,1996-02-09,F,27100,1956-06-22
534,-1545,2009-04-03,F,18200,1946-12-18
534,1357,1968-09-05,F,13800,1961-06-29
534,-1281,2026-05-29,,24200,2014-11-20
534,-1469,1966-10-17,T,19000,1951-10-24
534,-816,1993-10-30,,10400,1982-04-28
534,1938,1973-08-03,,21000,1957-05-13
534,1675,2016-06-30,F,19500,1998-03-22
534,1979,2025-02-13,T,25400,2023-08-14
534,-919,2014-05-22,F,13100,1958-11-11
534,-216,2003-04-13,F,20000,1974-01-31
534,1819,2024-11-15,T,12600,1991-09-13
534,-1107,2025-04-15,T,31400,1979-02-22
534,1235,1968-10-22,T,7700,1950-08-09
534,-1868,2006-07-03,,13900,1969-07-10
534,1170,2013-08-09,T,32200,1991-09-26
534,-527,2023-01-19,F,12700,1951-06-17
534,33,2025-02-17,F,27100,1993-03-23
534,537,2018-01-08,F,3900,2013-05-04
534,1079,1994-01-21,,5000,1993-06-03
534,-997,2003-07-10,,20100,2000-08-15
534,-1152,1977-10-10,F,18900,1958-01-25
534,-102,2018-04-10,T,19400,1952-12-31
534,938,2025-12-23,,18600,1978-10-18
534,1332,1977-12-05,T,18600,1948-01-13
534,1315,1987-05-06,F,27200,1961-05-04
534,-233,1989-01-31,,3800,1975-02-22
534,170,2014-10-21,F,16800,2005-06-01
536,1474,2022-09-11,,30900,2017-05-02
536,1065,2010-06-26,T,29500,2003-04-14
536,794,2001-04-24,T,4300,2000-01-14
538,-1279,2023-09-11,T,12900,2018-07-12
538,1637,1998-08-27,,1900,1979-10-09
538,-1003,1997-03-10,F,31800,1980-08-31
538,-855,2016-05-11,T,20200,1967-09-13
538,-1778,2024-10-09,F,13800,2003-02-13
538,-177,2012-04-29,T,10400,1991-01-09
538,-283,2017-03-30,,4700,1968-03-17
538,-891,2002-07-06,T,7700,1969-04-17
538,1009,2023-03-28,,27300,1970-06-10
538,1072,2007-10-25,,4900,1991-03-28
538,822,2023-11-08,,26400,1979-06-08
538,1583,2007-10-14,T,800,1981-04-02
538,-942,2002-12-01,F,4700,1975-10-23
538,1995,2015-12-25,F,4300,1970-05-27
540,387,2020-07-06,T,13900,1999-06-03
540,1481,2006-04-25,F,15900,1997-01-29
540,-1847,1979-06-20,F,24500,1972-09-30
541,683,1979-02-07,T,17400,1916-12-17
541,473,1954-11-23,,4600,1948-01-05
541,543,1914-01-04,T,4600,1906-11-22
541,-494,1998-03-20,T,0,1986-07-21
541,-98,2026-06-06,T,4600,1919-01-15
541,-659,2026-08-02,,4600,2022-07-29
542,256,2021-11-16,F,13300,1947-07-09
543,382,2024-08-13,T,21300,2009-11-14
543,-561,1951-02-17,,0,1948-10-19
543,961,2022-03-20,T,3000,1927-09-04
543,-1497,2018-05-13,F,3600,1973-03-17
543,-1996,1962-03-08,T,27600,1919-05-12
543,-842,1980-10-29,T,27700,1929-08-16
543,1137,1993-06-17,,30700,1929-01-17
544,-383,2024-05-30,,27100,1963-09-01
545,-983,2026-05-09,F,21500,2026-05-02
545,-1323,2024-01-18,F,10000,2023-05-16
546,492,2021-07-13,,3200,1981-01-16
546,-717,1957-03-11,T,15200,1945-06-12
546,1821,2019-02-19,T,31500,1981-06-04
546,1029,2004-11-04,T,19100,1952-06-04
546,-124,2014-10-14,,30900,1944-04-11
546,-1520,1990-02-04,F,,1957-04-24
546,-773,1976-07-12,F,29600,1966-07-04
546,-1832,1985-05-21,T,5100,1939-12-14
546,1568,2002-01-01,T,23700,1980-02-10
546,-138,2002-12-24,F,11400,1960-02-15
546,1247,2017-07-20,,7000,1981-05-11
546,1280,2018-11-30,,14100,2004-03-29
546,-1268,1965-11-19,T,18000,1938-04-24
546,864,2015-02-26,,16000,1960-11-10
546,1114,2013-03-05,F,19100,1953-11-07
546,-1624,1969-05-04,F,15100,1956-11-10
547,-1835,2024-10-10,T,9400,2022-03-24
547,1921,2021-09-18,T,8700,2020-06-22
547,1642,2019-02-20,T,26200,2015-12-05
547,432,2023-02-23,,29500,2016-08-31
548,1990,1959-05-13,,15100,1945-09-21
548,-546,1987-11-19,,4200,1954-10-16
548,1717,2009-11-30,,19900,1946-10-04
548,1381,2026-05-14,F,1900,1999-02-08
548,-635,2024-02-05,F,10800,1990-11-30
548,-1762,2023-07-03,,16200,1961-03-03
548,913,2022-11-08,T,500,1990-03-15
549,302,2004-01-05,,25900,2002-05-17
549,-1892,2019-06-14,,29400,2004-05-04
551,-927,2019-11-27,,14200,1991-06-20
551,1837,2009-07-09,,26700,1989-09-15
551,178,2000-07-06,T,8300,1992-03-12
552,1633,2019-01-03,,24900,2000-07-02
553,-831,2022-02-23,,,2019-10-13
553,985,2023-10-18,T,3700,2020-05-28
554,1781,2019-10-27,,23600,1965-06-03
554,1326,2006-02-03,,7900,1998-07-04
554,1955,1967-06-22,,28900,1943-10-26
554,387,1974-02-13,,15300,1952-03-26
554,1136,2009-12-12,,6800,1938-01-17
554,-930,1994-09-20,,26000,1981-01-22
554,769,1985-09-29,,20200,1933-05-30
554,982,1997-04-17,,5900,1934-02-19
554,214,2014-02-28,,22200,1974-05-12
554,-453,1970-11-07,,23100,1943-08-29
554,-1976,1996-02-09,,1100,1987-03-04
555,-105,2009-08-04,F,4200,1995-11-09
555,162,2004-08-08,F,22700,1982-04-23
555,232,2004-10-23,F,3700,1983-06-11
555,-209,2001-03-18,,4800,1975-04-13
555,1703,2014-12-01,,900,1981-12-07
556,870,2001-06-08,T,12000,2001-06-03
556,-343,2024-01-17,,6000,2022-12-30
556,-438,2020-03-11,,1200,1989-01-16
556,1167,2023-09-01,T,15100,1983-08-14
556,1354,2022-08-25,,22300,2021-05-02
556,-1392,2014-10-02,T,28600,2001-10-18
557,-492,2018-06-29,,19400,2012-07-21
557,571,2021-05-04,F,24300,1995-06-09
557,1378,1998-12-24,,9700,1992-11-10
557,-1583,1991-09-20,F,30700,1985-05-05
557,1904,2022-11-23,F,21800,2007-02-16
559,-576,2017-11-21,F,11300,1987-03-04
560,-1961,2005-11-01,F,25600,1999-10-07
561,-552,2022-06-15,,27900,1974-09-17
561,1878,1999-03-22,F,27900,1951-03-17
561,-1307,2018-07-28,,1700,1982-08-21
561,-1107,2012-04-16,,5600,1926-07-29
562,-1358,2026-07-31,,24700,2026-06-23
562,-1934,2026-06-21,F,29800,2026-05-25
562,575,2026-05-07,,15200,2026-05-06
563,1632,2021-02-21,F,10700,2019-07-28
563,797,2024-09-15,T,12900,2023-09-11
563,1752,2026-07-18,,5200,2016-10-22
563,-1030,2020-05-27,,1400,2018-02-18
564,1314,2022-02-15,,1000,1986-06-18
564,488,2021-09-06,T,24200,1979-11-04
564,-1215,2007-03-23,T,5400,1985-05-19
564,-325,2004-08-26,,27100,2003-12-24
564,-1444,2025-02-01,T,12000,2019-10-18
564,-1961,2002-08-07,T,6000,1988-03-11
565,42,1945-12-22,,24500,1931-06-15
565,-768,1966-06-11,T,3000,1924-03-06
565,1867,1930-06-16,F,21500,1921-06-20
565,1336,1942-05-11,F,18600,1937-11-24
565,1831,1925-07-06,T,3900,1924-08-19
566,138,2010-01-29,T,30500,2006-06-07
566,-1383,2014-08-21,T,19400,2009-08-20
566,-611,2026-06-24,,30500,2006-10-30
566,-524,2023-04-12,T,19400,2011-06-04
566,787,2021-04-28,,10300,2016-06-27
566,-208,2015-03-26,T,30500,2003-05-15
566,-1332,2017-11-12,T,19400,2016-09-12
567,-690,2019-08-22,F,17000,2011-05-06
567,1915,2000-04-21,F,17100,1982-07-19
567,801,2010-04-07,F,11100,1996-05-07
567,665,2018-05-18,,4000,1980-04-16
567,-1491,2014-03-01,F,6000,1991-06-11
567,943,2004-04-05,F,32800,1994-04-30
569,-1281,2011-04-27,F,9800,1990-04-03
569,-709,2017-04-14,F,9800,2012-05-01
569,1514,2006-04-03,T,21600,1971-04-25
569,-1117,1990-12-04,F,5200,1959-02-20
570,-83,1990-11-03,T,32500,1980-05-30
570,160,1987-10-20,,8100,1985-07-26
570,733,1988-06-29,,29700,1984-11-11
570,-815,1983-12-14,,20700,1980-07-05
570,1101,1984-01-22,T,10300,1981-07-12
570,163,1992-08-23,F,21600,1992-08-13
570,-1081,1987-10-03,,21600,1984-11-18
570,-13,1991-04-03,F,20000,1990-05-10
570,1734,1989-03-20,,9100,1982-09-08
570,1869,1991-04-14,F,16400,1990-09-24
570,-102,1982-03-23,F,2500,1981-04-03
570,7,1992-08-10,,30200,1991-01-18
570,-1059,1984-02-06,F,26800,1982-08-31
570,-1419,1983-11-12,T,9400,1983-07-08
571,1598,2014-11-03,,21900,2005-08-14
571,714,2019-09-23,,12800,2016-06-17
571,-938,2022-02-12,T,13500,2009-03-13
571,1240,2010-04-02,F,32500,2005-11-24
572,1952,1998-09-07,,21500,1987-05-18
572,1303,1990-07-04,,2500,1976-08-06
572,-803,1961-10-27,,28100,1940-03-16
572,124,2016-01-31,,31100,1945-03-09
573,-1756,2013-06-16,F,30000,1984-05-21
573,-1537,1987-05-27,F,2400,1948-01-25
573,1030,1970-10-11,T,19100,1969-05-12
573,12,2010-07-28,,2500,1997-06-14
573,-146,1969-12-22,T,1900,1956-11-13
574,-1340,2014-05-23,,,2005-10-28
575,1388,1954-06-26,T,22700,1930-04-05
577,569,2003-04-13,F,11400,1963-10-08
577,484,2006-06-22,F,14200,1999-05-11
579,-1664,2007-04-09,T,30100,1985-07-01
579,-1888,1948-05-03,,26500,1935-07-03
581,1740,1955-02-27,,30500,1924-02-19
581,-698,2025-02-02,T,4900,1937-01-05
582,1407,2000-03-21,,25800,1986-11-23
582,1389,2026-04-17,,25900,1978-06-01
582,767,2024-11-12,T,30000,1979-02-19
582,400,2013-11-05,T,6100,2008-02-09
582,-220,1998-04-11,T,22800,1979-08-22
582,-1530,2026-04-26,,14600,2018-06-25
583,926,1979-09-04,T,32400,1937-03-10
583,-1949,1928-12-30,,8900,1921-08-07
583,596,2012-03-08,T,16300,1991-08-21
583,-1768,2019-06-03,,5500,1952-07-19
583,268,1967-09-25,,5500,1927-05-26
584,-1636,2026-03-13,T,26000,2020-01-29
587,-582,2024-12-26,,13800,2018-10-03
587,-1103,2024-12-13,T,16300,2019-12-31
588,-260,2020-05-07,T,19300,2005-05-19
590,-847,1997-03-22,,24700,1992-01-18
590,-1649,2005-06-09,F,24200,1982-11-22
591,-675,2020-02-15,,26500,2019-09-03
591,-438,2017-01-10,,18500,2004-01-22
592,-926,2025-12-15,T,22900,2016-10-25
592,1418,2022-04-17,T,24700,2019-09-09
592,1446,2020-03-09,,20500,2005-09-01
593,-1621,2020-12-30,T,,2008-05-19
594,1645,2008-03-10,,27400,1964-08-01
594,-1943,1984-09-03,,3400,1938-06-08
595,-125,1983-04-21,T,21500,1931-06-19
595,-1198,1979-10-10,,15000,1971-04-14
595,1428,2019-09-01,F,800,1928-04-07
595,1338,1976-07-07,T,13400,1929-06-25
595,680,2023-10-19,,4200,1960-03-13
595,1793,1993-09-18,F,29700,1974-09-01
595,284,2012-06-12,F,15000,1989-05-03
595,1553,1971-06-12,,14500,1934-08-08
595,-945,2026-04-20,F,2900,1914-12-22
595,425,2017-01-13,,500,1980-03-13
595,764,1995-07-06,F,2700,1937-02-22
596,1640,2000-06-09,F,29900,1996-04-01
596,-1900,2016-06-23,T,6900,2008-12-01
596,-100,2006-05-28,T,29900,1996-04-14
596,-843,2000-03-10,F,29900,1994-11-02
596,1180,2021-10-11,,,2016-12-05
596,-1683,2022-06-01,F,29900,2022-05-05
596,1148,2025-06-08,F,6900,2002-04-25
596,520,2023-02-26,T,,2009-11-23
596,1840,2006-12-23,,29900,2001-09-16
598,-28,2017-01-18,,14800,2002-03-11
598,375,2020-10-21,,1500,2001-04-29
598,-1641,2012-09-09,,12900,2002-02-01
598,468,2023-02-25,F,15800,1997-03-14
598,-937,2018-11-24,,13900,2001-08-07
598,-28,2009-12-17,T,19800,2005-07-22
598,363,2025-08-28,F,26300,2009-11-29
598,-660,2017-09-07,F,4600,2016-12-19
599,1498,2012-06-07,,16900,1980-09-26
599,402,2015-07-24,F,4700,1992-03-07
599,-208,1987-04-02,F,14700,1971-05-13
599,-827,2019-03-31,F,1400,2016-09-10
599,-1756,1973-06-05,T,26700,1961-06-10
599,-224,1982-11-22,,17300,1952-05-08
599,-1364,1970-05-26,,16400,1968-09-22
599,1377,1960-11-27,F,7700,1950-04-27
599,1841,2000-08-24,,7800,1996-04-11
599,-672,1986-04-11,F,23000,1943-01-21
599,-630,1980-02-09,T,28300,1960-05-14
599,390,2004-12-23,,17400,1947-12-02
599,-1933,2025-08-28,F,13500,1952-12-01
599,-1959,1994-04-22,,17300,1946-09-26
599,756,1984-07-08,T,24400,1970-08-21
599,-696,1995-10-28,F,2700,1977-10-19
599,350,1986-09-02,,12900,1944-11-15
600,1604,2002-08-29,,19600,1993-12-22
600,-1822,1989-11-27,T,6400,1985-11-21
600,565,1989-07-02,T,28500,1987-07-17
601,929,1983-04-05,,20500,1955-06-29
601,-1106,1942-09-23,T,30600,1932-10-20
601,-1678,2014-09-08,T,4700,1947-07-12
601,1075,1993-12-11,,22700,1944-04-25
601,-1342,2014-09-03,,12200,1928-12-20
601,-987,1983-09-22,,29700,1946-03-22
602,-581,2024-11-29,,400,2023-07-22
602,1007,2026-04-01,T,5600,2024-09-25
602,1197,2025-08-02,T,,2025-07-13
602,-1377,2026-02-01,,25900,2023-06-22
602,1542,2023-12-01,T,9800,2023-03-04
602,1994,2025-04-20,,5800,2024-09-06
602,615,2023-03-18,,3000,2022-12-29
602,-779,2026-07-14,T,18700,2024-04-24
602,-1853,2025-04-29,T,10200,2024-01-25
602,690,2026-07-17,,6600,2024-05-13
602,-302,2026-07-08,T,1800,2025-08-14
602,1109,2026-07-28,T,7100,2024-12-05
603,-348,2025-06-25,T,17800,2021-12-13
604,282,1988-02-10,,200,1986-11-27
604,-176,2005-05-28,T,12800,1989-10-02
605,-993,2017-02-06,F,2000,2010-08-28
605,735,2025-02-05,F,22300,2024-06-04
605,1701,2019-11-13,,24000,1986-09-17
605,-1808,1998-10-28,,11800,1995-09-20
605,-1636,2002-05-17,,24000,1975-01-01
605,-992,2014-06-24,T,22800,2006-11-28
605,482,2003-01-02,F,9600,1992-09-14
605,1706,1993-09-16,,7300,1992-08-11
605,-1600,1998-03-09,,6700,1978-02-12
605,844,2014-06-23,T,1500,1975-12-21
605,-1166,2021-05-22,,30400,1985-05-14
607,1129,2023-08-30,,25000,2016-03-25
607,1887,2020-11-04,T,4300,2015-11-18
607,285,2024-08-18,,30700,2022-07-23
607,1523,2022-04-20,,18000,2013-09-19
609,-1409,2015-08-18,,13200,2004-09-07
609,1500,2026-05-09,F,13600,2013-06-01
609,-1807,2022-03-09,F,28300,2008-04-09
609,-1822,2026-03-23,F,13300,2015-01-14
609,1135,2010-05-01,T,22800,2009-02-14
609,1833,2023-02-16,T,28600,2020-03-26
610,1107,2017-08-26,F,25100,1982-01-14
611,-1318,1962-10-01,T,25600,1946-09-23
611,-1711,2016-05-11,T,12300,1965-01-19
611,1699,2020-07-15,T,20300,1982-03-01
612,-488,2006-08-26,T,1300,2001-07-26
613,1492,2026-06-29,T,2200,2026-02-28
613,249,2016-09-11,F,15200,2016-06-29
613,1659,2024-03-26,F,12700,2022-07-05
613,380,2026-04-23,F,2500,2018-10-30
613,134,2022-06-11,,28900,2016-04-04
613,410,2025-06-21,F,23600,2023-09-18
613,340,2023-11-14,F,10900,2020-10-06
613,-1841,2017-09-05,,26500,2015-12-06
613,980,2026-03-03,T,12400,2023-08-23
613,1698,2021-07-30,T,3500,2015-11-14
613,-1676,2026-01-21,F,10200,2024-03-08
613,1798,2023-06-20,,26100,2015-03-16
613,492,2021-09-02,F,11400,2016-01-22
613,-1268,2016-03-10,F,25400,2015-10-28
614,-841,2011-06-26,,19400,1982-10-07
614,164,1981-07-23,T,4900,1968-09-22
614,148,1994-02-01,T,11900,1988-10-14
615,-84,2016-05-01,,16000,2016-04-28
615,-265,2025-03-08,T,22700,2024-03-30
616,-626,2025-06-24,T,26400,1997-07-18
616,731,1992-09-21,T,26700,1983-06-14
616,-435,2026-03-12,F,7800,2014-04-29
616,958,1994-06-22,T,,1991-06-06
616,-1515,2006-05-16,,11400,1999-01-21
616,-1134,2020-05-17,,19600,1989-06-04
616,148,2015-07-21,F,32100,2003-07-14
616,854,2022-06-29,F,13500,1998-05-24
616,-1241,2011-09-27,,31800,1977-12-31
616,370,2003-08-25,,5000,1992-06-08
617,889,1975-11-25,T,15500,1946-04-24
617,1857,1998-12-23,,5100,1939-09-14
617,-627,1969-01-14,,12500,1921-05-01
617,276,1946-09-19,,20700,1919-09-10
617,-1372,1964-04-26,T,31600,1916-09-15
617,-887,1963-09-06,,13900,1955-08-23
617,-1340,1955-06-24,,25700,1941-11-29
617,-1495,1971-11-23,,2400,1956-02-27
618,-950,1995-01-14,,15500,1993-11-24
618,-536,2004-08-22,F,8200,1995-11-01
618,662,2013-09-24,,23900,1994-05-17
618,1089,1995-10-01,,29700,1994-01-15
618,-1433,2012-09-15,F,12600,1989-04-09
618,-1401,2000-06-20,,26600,1982-07-17
618,565,2025-02-04,T,25900,2023-08-25
618,-88,1992-07-10,,22000,1986-07-09
619,-1765,1976-01-24,T,5800,1957-07-17
619,356,2004-09-18,,2200,1935-09-27
619,-1886,2019-07-11,T,4900,2014-11-12
619,-420,1958-10-21,T,15800,1944-05-28
620,841,1989-07-30,T,15800,1966-03-08
621,-721,1938-06-18,,28300,1932-01-20
621,591,1930-11-28,,8700,1928-11-14
621,1783,1934-04-11,F,23800,1927-10-10
621,1221,1936-02-25,T,1200,1936-01-20
621,-1350,1938-09-28,T,7700,1928-05-18
621,-908,1938-08-07,,5500,1927-06-12
622,-417,2004-11-10,T,28000,2001-11-08
623,1239,1982-10-28,T,,1955-04-07
623,-1710,2023-04-15,F,8500,2014-01-25
623,-647,2008-02-18,,7100,1970-10-07
624,-909,2009-01-02,T,12200,1983-04-08
624,434,2019-06-17,T,32100,1986-02-13
625,788,2000-11-28,F,21700,1942-02-19
625,-129,1997-05-11,T,400,1927-12-22
625,-1927,1938-05-09,F,16300,1930-03-12
625,-1242,2001-03-25,F,10200,1939-02-25
625,723,1965-10-07,,22600,1953-10-19
626,650,2001-12-29,,13500,1958-06-18
626,929,1966-08-26,T,32400,1958-12-30
626,626,1946-02-08,F,12000,1945-01-02
626,172,2022-08-04,T,27900,1994-06-08
626,962,1979-12-20,T,28800,1968-10-14
626,-1453,1989-03-10,,7300,1960-03-03
626,-856,2002-01-07,F,16800,1954-03-22
627,-1645,2022-05-08,T,13700,1997-12-29
627,-716,2007-08-13,,30700,1970-03-07
627,1307,1993-05-20,F,300,1960-06-13
627,1715,1990-04-04,F,21100,1964-10-27
627,1141,2017-04-12,,9200,1967-05-07
627,1392,1994-08-04,T,22300,1992-12-21
627,-818,2017-01-25,,25500,1994-11-11
627,-807,2018-06-30,T,23900,1975-10-02
628,-289,2017-12-28,,5800,2000-11-10
628,187,2002-07-10,,22500,1995-08-06
628,-402,2005-02-08,,23700,1995-01-03
628,1430,2026-02-26,,6200,1986-04-02
630,1849,2008-06-25,,18500,2006-10-26
630,-533,2022-12-28,,2600,2013-11-27
630,197,2007-08-31,,1100,1989-01-30
630,1506,1950-03-20,,2100,1944-02-19
631,-715,2010-02-09,,4600,2006-11-03
631,-1291,2017-06-25,T,4600,1957-11-08
631,-728,1971-11-10,T,17400,1954-10-19
631,1207,2003-07-03,T,17400,1953-04-06
631,-804,2021-10-16,T,5200,1993-02-27
631,-1055,2013-08-16,T,,2002-12-21
633,-1545,1940-06-06,T,4700,1927-05-13
633,-226,1963-09-27,T,27600,1924-02-09
633,1916,2018-08-15,,22900,1997-08-21
633,1654,2019-07-17,T,1900,1998-05-18
633,-647,1942-07-24,F,9300,1909-07-15
634,-1180,2002-03-07,F,11400,1956-08-23
635,1505,2022-11-20,F,20500,1993-06-09
635,-1811,2013-04-01,T,2300,1987-10-06
635,-748,2016-02-27,T,10000,1998-03-14
635,-866,1999-12-07,F,32100,1988-11-06
635,195,2025-07-17,,22300,2001-05-25
635,-1075,2006-09-18,,1500,2000-11-18
636,375,2025-11-20,T,2100,2021-11-03
636,-345,2026-04-01,,12400,2015-10-26
637,-1388,2002-08-30,T,24000,1976-10-27
637,-1048,2015-06-04,T,20700,1954-08-28
637,1393,2011-04-10,T,27800,1997-11-26
637,-1780,1996-08-26,F,7100,1972-03-17
637,1222,1947-04-12,F,18300,1909-07-24
637,-379,1957-03-26,F,2000,1943-09-25
637,563,1940-04-07,,21900,1934-10-04
637,561,1991-06-29,T,32100,1973-01-23
637,-650,2020-03-08,T,4400,2009-09-15
638,330,2024-12-30,T,12400,2021-03-31
641,166,1958-03-10,,26200,1919-12-05
641,802,1974-12-29,T,7500,1970-04-01
641,-1351,1996-09-02,T,7700,1927-07-29
641,918,1998-11-09,,28600,1998-07-11
641,1007,1999-08-25,T,17900,1963-09-18
643,-621,2019-01-03,,30100,1994-04-25
643,1491,2021-03-23,,4700,1998-11-29
644,-336,2024-04-05,T,15800,2004-03-24
644,-1439,2008-01-18,T,18000,1992-12-04
644,281,2008-03-22,,30700,2000-05-02
644,-635,2005-04-20,T,22000,1985-02-14
644,-689,2003-03-05,F,17400,1999-03-05
644,876,2025-02-26,T,23200,2001-06-21
644,139,2024-09-13,,16700,1989-11-05
644,-1611,1996-11-08,T,2000,1991-05-17
645,-730,1930-07-22,F,30400,1925-11-11
645,-929,1964-04-23,T,14700,1914-02-01
645,1994,2018-10-15,F,8500,1984-12-24
646,-652,1978-04-23,F,31500,1963-07-22
646,233,1995-03-16,,14800,1988-06-09
646,-71,2025-12-19,,20300,1957-10-19
646,-1408,2025-12-01,,24300,2020-04-30
646,1746,1983-10-13,,25200,1961-04-26
646,786,2008-02-29,,28300,1966-02-28
647,273,2025-08-23,T,10400,2018-07-17
648,9,1989-01-10,T,15100,1973-02-27
648,594,2009-06-16,,3200,1967-05-14
648,-963,2014-07-15,,4900,1986-02-14
648,-1303,2010-04-19,,15500,1968-09-13
649,586,2021-06-18,F,1200,2015-05-13
649,1344,2019-04-17,,8500,2018-01-21
649,-950,2024-08-12,T,26800,2021-09-09
649,207,2022-06-17,T,22400,2017-12-19
652,1740,2004-11-05,,3900,1994-08-23
652,-399,2016-08-13,,,2008-04-25
652,512,2021-10-27,T,13700,2001-06-06
652,-1060,2023-02-06,T,19000,1986-07-19
652,-675,1994-08-20,,18200,1991-01-05
652,-1817,2017-05-31,,8900,2004-09-06
652,1834,2003-12-17,,7400,1988-07-14
652,1857,2017-07-06,,20800,1991-04-02
652,374,2013-06-12,T,3200,2003-06-09
653,-1609,2023-07-14,T,22100,2008-04-05
653,-1319,2004-10-23,,4800,1996-08-09
653,-1213,2026-01-04,T,11100,2004-05-02
653,-1736,2024-08-24,,27600,2013-06-09
653,787,2018-06-04,F,21000,2000-06-20
653,505,2019-05-03,,1900,2003-05-13
653,-1330,2021-01-25,F,700,2002-05-08
653,-1284,2024-12-13,T,31300,2020-06-10
653,9,2017-10-24,F,4300,2007-12-14
653,1908,2020-12-01,F,11900,1996-01-01
654,-538,1999-05-12,F,11100,1997-04-14
654,1126,2025-08-26,,13800,2002-06-30
654,-1173,2018-06-21,,20200,2001-05-08
654,-16,2014-06-22,,25200,1993-09-22
654,1321,2025-12-31,,11700,2002-10-09
654,725,2008-11-23,F,11500,1991-07-10
654,681,2023-04-05,F,9200,2004-11-13
655,1487,2013-07-30,T,15700,1967-10-19
655,-1649,2008-12-23,T,24600,1998-02-14
655,-1819,2015-10-09,,4000,1965-01-31
655,988,2018-07-15,F,10700,1976-05-06
655,-809,2024-02-21,F,18200,2011-04-21
655,1732,2021-02-25,F,13600,2003-01-07
655,909,1998-11-17,F,3300,1981-12-09
655,-1426,2009-09-06,,22800,2003-07-29
655,-549,1995-12-21,T,13200,1966-11-27
655,-67,1975-09-17,F,9500,1969-09-30
655,-775,2026-03-14,F,18400,2004-07-21
655,-280,2020-11-02,,21700,1989-09-05
655,1321,1995-10-20,F,22800,1983-11-10
656,210,1992-09-25,,24500,1969-11-28
656,1506,2011-10-11,,5700,1996-07-22
656,108,2026-03-16,,4500,2005-11-03
656,-1260,2002-05-31,,5500,1978-07-09
657,1516,2025-12-10,,21400,2015-02-01
657,-720,2024-02-18,,23000,2011-04-28
657,1081,2015-01-31,T,2500,2004-08-06
657,322,2025-12-09,T,13900,2002-12-20
657,-1059,2017-03-12,,23000,2009-12-29
657,1398,2020-01-26,,17800,2004-01-19
657,1730,2008-04-09,,6000,2005-10-16
657,-509,2009-10-02,T,6100,2005-03-28
657,1455,2017-06-10,,15300,2007-09-28
657,1064,2019-02-19,T,25200,2006-04-15
657,1217,2010-03-18,T,29200,2005-04-27
657,1538,2008-01-06,,12600,2003-11-08
658,-742,1969-12-19,T,15500,1938-03-20
658,-286,1993-02-02,T,20600,1979-05-16
658,594,1979-07-28,T,18100,1915-01-09
658,-508,2020-07-30,,4700,1940-06-17
658,-1130,2003-12-04,F,12400,1983-02-16
658,-807,1959-08-22,F,6700,1911-05-14
658,-38,1988-04-28,,32800,1982-01-03
658,387,1979-06-23,T,16900,1924-11-27
659,1450,2024-05-25,,500,2014-09-05
659,89,2020-01-06,,20300,2017-04-09
659,1747,2022-06-23,,25000,2011-11-05
659,1575,2015-06-16,,16600,2015-05-16
659,1946,2025-10-14,,24000,2007-08-03
659,-1050,2009-03-27,,10000,2006-01-03
659,-1152,2019-11-04,,5200,2014-02-24
659,811,2022-12-25,,4800,2007-06-27
659,-797,2020-05-21,,2600,2019-02-04
659,528,2008-12-04,,28900,2008-04-22
659,1742,2023-04-17,,16800,2021-02-06
660,-620,2021-01-31,,7900,1967-04-02
661,659,2008-07-25,F,4400,1976-04-09
661,-1615,2002-09-22,T,23400,1962-10-17
661,1447,1994-11-17,,20900,1974-07-08
661,217,2005-08-12,,18100,1990-08-14
662,438,2009-08-13,F,24700,1970-12-09
662,-379,1968-06-05,F,5000,1966-01-09
662,970,1997-10-01,T,1100,1966-04-21
662,1911,2009-03-02,,25500,1965-06-03
662,-1144,2004-04-16,,3400,2004-03-15
662,-813,1978-09-21,T,22000,1968-04-15
662,824,1985-01-13,T,4900,1968-10-20
662,-712,2000-12-16,F,28800,1968-01-23
662,1831,1976-04-18,,11900,1965-12-25
662,1012,2016-08-12,F,25900,1995-08-19
662,-1336,1975-01-17,,30900,1962-04-30
662,-501,2005-02-27,,25600,1999-10-08
663,1107,2025-03-12,T,10000,2013-02-16
663,668,2024-02-17,T,31600,2019-06-11
663,-1373,2021-07-23,,27300,2016-02-27
663,1148,2024-11-19,T,13300,2019-10-16
663,398,2019-08-23,T,4000,2010-08-07
664,-1765,2021-05-23,T,17400,1980-11-18
664,-269,1981-07-16,F,9800,1965-12-03
664,724,1970-10-28,T,9800,1924-06-03
665,-447,1980-06-16,,30400,1933-02-07
665,1396,2011-04-18,T,8500,2004-01-01
665,410,1928-12-26,,15300,1905-07-27
665,-1593,2008-07-04,,18700,1941-07-31
665,1465,1986-04-19,T,25800,1969-01-04
665,-1933,2017-03-31,,23500,2002-12-24
665,-311,2025-10-24,T,3800,1944-04-12
665,-220,1991-01-28,T,6900,1985-10-16
665,1930,2003-03-27,,5600,1963-12-19
665,-1149,2014-09-30,,12400,1928-07-23
665,-125,1989-03-02,T,17800,1908-09-27
665,-1124,1974-09-27,,26100,1915-11-01
665,-1933,2021-12-08,,11100,1996-04-26
665,-152,2026-08-05,T,25200,1929-03-24
665,1454,2026-01-24,,9600,1948-01-25
665,1389,1975-04-25,T,21100,1964-06-09
665,-345,1991-10-11,,16800,1940-03-15
666,-1405,1989-02-03,,32800,1972-08-03
666,1233,1991-09-19,F,0,1983-08-02
666,814,2026-02-01,F,5600,2017-02-18
666,645,2014-10-22,,24800,1977-10-03
666,-1259,2014-05-06,,31700,1992-07-17
666,-531,2024-11-16,,17700,1980-03-16
666,-1005,1976-10-06,F,25900,1975-04-04
666,1325,2006-07-11,F,5600,1997-11-30
666,-501,2016-09-17,,14900,2005-03-08
666,-1018,2020-06-09,F,6100,1995-02-06
666,1371,2019-01-07,,700,2013-02-19
668,-1696,2012-08-12,F,19000,1977-12-15
668,586,1999-04-23,T,22600,1968-10-29
668,845,2022-11-25,F,12500,1983-07-06
668,-1671,1970-03-08,F,13600,1969-01-03
668,286,2016-04-20,F,24600,1988-10-06
670,483,2019-02-22,,22300,1967-03-19
670,1701,2013-10-11,F,31100,1955-11-22
671,665,2015-05-23,,16600,1989-04-21
671,-459,2005-02-03,,19100,2003-10-24
672,1070,2007-07-12,,23800,1989-10-15
672,-1822,2023-11-03,,12600,2001-05-08
672,1093,2001-06-16,,15700,1967-05-05
673,1,1965-09-20,,20500,1964-12-29
673,1565,1999-10-08,T,18400,1959-06-08
673,-1941,2000-11-25,F,15200,1968-01-24
673,-1516,1966-08-04,T,16500,1949-11-27
673,-1307,2011-02-10,,30700,2002-08-30
673,-1519,1997-05-22,,18500,1964-11-05
674,256,2012-08-18,,8500,2009-02-05
674,1714,2012-12-23,,29300,2011-11-04
677,-1628,2020-02-24,F,27500,2016-10-07
677,1269,2021-10-08,T,14700,2012-05-02
679,230,2013-08-28,,6900,1970-01-10
679,1810,2003-04-08,F,29900,1993-05-03
679,1675,2002-03-19,T,29900,1953-09-03
679,1205,2014-12-18,T,29900,1965-07-16
679,-348,1967-02-14,F,29900,1960-10-05
679,-135,2022-05-24,T,,1954-10-04
680,-763,2013-06-21,,15100,2008-01-06
680,-612,2022-05-01,T,1800,2016-09-08
680,1171,2012-08-06,,10100,2010-01-15
681,-1539,2018-07-03,F,27600,1962-12-26
681,910,1991-01-26,F,2900,1980-12-09
681,1317,2016-10-05,F,27600,1950-02-16
681,1873,2013-05-21,,27100,2006-01-28
682,591,1988-09-20,,16700,1983-11-05
682,1009,2006-03-19,T,18800,1989-12-15
682,1900,2025-01-13,T,31700,1988-09-07
682,-265,2025-12-23,T,12000,2013-09-10
682,1486,2001-01-31,T,3200,1987-07-13
682,-759,2004-07-24,F,14000,1987-08-18
682,-1971,2011-08-22,T,21000,2001-02-13
682,983,2012-12-21,T,12400,1984-02-13
682,-765,2019-03-09,F,4200,1997-04-02
682,99,2019-01-18,T,15400,2014-11-29
682,-998,2025-11-08,T,23600,1995-12-12
682,949,2016-11-30,,4900,2008-09-09
682,243,2020-12-18,F,12400,1999-12-06
682,-507,2018-05-18,F,5200,2008-01-06
683,679,1991-07-19,,11200,1981-06-03
683,-934,2026-03-17,T,800,1952-12-14
685,1904,2016-05-11,F,8400,2000-05-13
685,-1100,2019-06-22,F,8400,1998-09-07
686,-752,2021-07-12,T,12700,2007-04-18
686,335,2009-02-10,T,19900,1997-11-08
686,-876,2005-11-22,T,21100,2002-01-26
686,23,2014-04-06,,3100,2002-01-08
686,1594,1997-07-17,T,15700,1992-04-22
686,706,2010-06-17,T,25800,2002-12-20
686,812,2011-08-29,T,8700,1996-06-10
686,-1596,2012-07-25,F,19900,1993-01-31
686,331,2021-10-06,,2000,2014-05-18
686,348,2016-06-29,,22800,2003-07-01
686,-1145,2020-03-15,F,28300,1993-05-16
686,-868,1987-05-15,F,29400,1985-02-16
686,955,1993-06-03,F,22800,1987-07-30
686,1991,2018-01-23,T,8700,2002-12-27
686,-1525,2021-10-22,,22600,2008-10-16
686,241,2019-12-03,T,13600,1991-10-22
688,1214,2014-04-10,F,6200,2003-10-20
688,-1416,2012-07-29,,5500,2010-11-15
688,1954,2022-05-25,F,23700,2006-07-09
688,-899,2017-01-18,F,2700,2014-11-05
688,458,2014-07-15,,31400,2005-06-23
688,1788,2018-01-12,F,21100,2011-05-22
688,-973,2026-03-31,,14900,2007-02-03
689,-108,2007-12-22,,15300,2007-10-03
689,704,2007-06-10,T,16300,2007-04-15
689,1209,2007-07-26,,26500,2007-07-03
689,-97,2007-06-27,,18100,2007-06-03
689,1677,2007-11-28,,20000,2007-07-03
689,-1053,2007-09-29,T,16000,2007-09-05
689,1318,2007-09-18,T,8300,2007-08-16
689,-955,2007-10-07,T,,2007-09-03
689,311,2008-01-03,,6900,2007-10-21
689,245,2008-01-20,,4100,2007-07-25
690,1069,1977-03-05,T,22800,1932-11-27
690,-1511,1989-11-09,F,25900,1957-02-17
690,1723,2017-01-11,T,28300,1958-08-26
690,-1214,1983-12-29,,9600,1961-01-29
690,26,2004-02-06,F,23000,1943-09-24
692,1768,2018-04-26,T,26400,1936-08-29
692,-99,1946-04-20,,5100,1916-09-04
692,-1052,1990-09-22,T,25100,1955-02-20
692,565,2004-11-11,,15500,1940-11-04
692,-643,1996-07-20,,30200,1978-12-11
693,-661,2021-04-02,,29100,2004-09-28
694,1912,2017-04-13,T,15700,1904-02-08
694,1304,2015-04-04,T,17500,2007-11-18
694,-198,1966-08-06,T,26600,1966-06-23
694,284,2012-01-29,,22500,1914-03-17
694,406,1917-06-16,T,17600,1914-06-04
694,1681,2022-02-19,F,21600,2017-10-11
694,-949,1974-11-19,,22600,1949-10-07
694,504,2022-12-10,,29000,1965-10-31
695,1261,2000-05-15,,14700,1954-03-23
695,-1287,1942-02-09,T,30200,1914-11-16
695,-158,1967-08-30,,25600,1954-07-01
695,-736,2012-06-24,,2200,1918-03-12
695,378,1975-09-13,T,20000,1960-02-10
695,-588,1985-01-16,T,15100,1920-05-29
695,1491,1990-04-18,T,11100,1986-09-03
695,-750,1985-10-19,,7800,1939-12-27
695,-285,1962-09-17,,32700,1940-08-14
698,-106,2025-09-15,F,13600,2012-08-17
698,-322,2024-01-10,T,2000,2016-09-18
699,138,2011-11-16,F,17200,2008-11-24
699,-1853,2007-07-26,,30300,2006-05-07
699,1439,2025-02-15,T,200,2006-08-26
699,-1132,2013-02-21,T,10200,2009-06-16
700,1929,2006-09-27,,8200,1992-04-01
700,583,2021-01-08,F,2000,1992-01-24
700,748,2006-12-26,F,18100,1978-08-17
700,-603,1978-12-11,T,31800,1967-03-07
700,-1360,1976-11-08,F,27200,1970-07-22
700,295,1997-09-16,,6000,1972-07-14
700,1749,1999-03-24,,19800,1994-08-17
700,378,1982-08-17,,27700,1976-10-16
701,-678,2023-06-07,T,18000,2013-09-06
701,1864,2003-12-27,F,23200,2002-04-15
702,-1762,2015-09-21,,2300,2006-10-26
702,1322,2010-10-06,F,22300,2003-10-27
702,-427,2015-10-28,,9600,1999-07-15
702,788,2014-03-14,T,7300,2007-02-25
702,1501,2010-09-21,F,2300,2000-04-19
702,1078,2024-08-05,,3100,2024-02-01
702,-1453,2014-06-12,,12700,2009-09-06
702,-260,1999-12-21,F,2000,1994-03-10
702,1287,2021-06-08,,31500,2015-11-02
702,1586,2022-07-23,T,28300,2011-06-11
702,-1269,2009-03-03,F,21600,1994-09-25
702,893,2024-03-05,T,32600,2006-01-12
702,-977,2015-04-09,F,27000,2012-12-04
702,-1226,2014-06-05,T,19300,1998-03-07
702,711,2021-03-17,,6100,2003-10-15
703,-554,2008-05-14,T,7900,1937-10-24
703,-93,2004-12-03,F,2600,1958-03-06
704,959,2019-08-10,F,21600,1994-07-03
704,220,2020-07-06,,17400,1987-10-04
704,-1692,2019-03-29,F,21600,1992-07-24
704,-948,2016-07-09,,4600,1998-04-24
704,91,2024-09-08,,3700,2017-09-13
704,1021,2008-10-28,T,18800,1997-05-26
704,609,2006-03-12,,18800,1987-11-21
704,142,2011-08-28,F,4600,2000-12-01
704,-1864,1993-05-13,F,15200,1990-01-31
704,-331,2020-04-14,F,21600,1997-07-24
704,-740,2026-04-01,T,4600,2013-09-01
704,-661,2023-07-31,F,18800,2011-05-12
704,-996,2008-01-22,,9800,1994-04-15
704,-429,1997-02-01,F,3700,1994-01-25
704,-875,2020-12-24,,,1988-06-24
704,-768,1988-04-10,F,5200,1987-11-17
704,561,2023-10-31,F,15200,2018-07-02
705,565,2016-10-25,,18000,2013-05-07
706,-1696,2018-06-21,,22800,2005-01-15
706,-1156,2019-05-21,,9300,2009-07-13
706,1796,2021-05-14,,14200,2004-04-26
707,-172,2013-09-04,T,19100,2010-07-06
707,258,2025-09-10,T,2000,1995-07-01
708,1629,2025-09-05,,6700,2016-07-20
708,340,2010-07-21,F,21100,1987-10-15
708,-1754,2014-12-12,F,200,1993-06-13
708,1522,2021-07-30,F,12000,1992-12-12
708,-747,2013-12-30,T,28400,1979-06-30
708,1154,2021-11-16,,31600,2012-08-31
708,-168,2026-04-15,F,7800,2012-06-23
708,-1752,2019-08-05,F,18500,1992-12-20
709,546,2026-08-09,T,6200,2025-06-16
709,-559,2026-06-28,T,21400,2025-07-22
709,35,2026-01-29,,26800,2025-06-19
709,919,2026-06-07,,2600,2026-02-23
709,946,2025-06-20,T,18200,2025-06-15
709,1690,2026-08-05,,20700,2025-07-21
712,440,2012-03-14,T,5400,1999-03-23
712,947,2012-11-16,,30500,1924-07-12
712,1063,2005-02-09,,29600,1960-07-29
712,679,1973-05-23,,30200,1929-03-31
712,1628,2025-05-14,,23200,1973-02-08
712,1233,2003-07-07,F,15100,1972-03-13
712,836,1973-12-31,,700,1960-12-24
712,1281,1970-07-31,T,9500,1916-09-24
712,-1611,1997-08-29,T,400,1948-07-01
712,-1437,2000-12-11,T,3200,1981-03-10
712,1760,1960-03-08,,19400,1944-04-10
713,-1316,1936-06-25,T,25900,1934-12-14
713,1046,1941-04-18,T,16100,1940-10-28
713,1454,1939-12-18,T,32300,1937-08-08
713,-68,1941-01-10,,18800,1939-11-28
713,175,1941-01-10,,3800,1939-11-19
713,1689,1937-09-04,T,7800,1935-04-05
713,410,1935-03-21,,20000,1934-11-07
715,-704,1977-11-02,F,29600,1954-10-10
715,592,2001-07-13,,11300,1933-07-25
715,1205,1966-03-10,,14400,1965-07-25
717,-173,2019-08-11,,29400,1994-03-10
717,74,1994-02-19,,27900,1991-02-16
717,1027,2007-04-08,F,14800,1959-03-08
717,-1807,1976-07-13,F,300,1966-11-01
717,-961,1948-02-04,T,20500,1940-03-31
717,962,1976-02-05,,30200,1956-07-11
717,-438,2001-04-01,T,6100,1999-06-11
717,-244,2021-04-28,,28600,1977-09-05
718,737,1956-06-14,F,13800,1952-01-29
718,-1461,1931-12-15,,,1926-08-10
718,871,2023-07-27,F,,1939-10-09
718,-1173,1982-11-26,T,28400,1975-10-25
719,1836,1993-02-21,F,25600,1976-11-25
720,-421,2025-10-13,,9300,2021-09-04
720,-1752,2021-03-09,,10300,1999-09-11
720,1799,2017-04-06,T,5900,2016-08-08
720,1499,2008-08-24,T,11900,1992-05-17
720,512,2019-05-08,T,9300,2005-04-22
720,915,2021-06-26,,4900,2020-12-17
721,1547,2022-06-22,T,17700,2021-10-08
721,-1062,2023-05-15,,10300,2022-02-12
721,-1104,2024-02-13,T,26000,2022-02-12
721,-527,2023-05-01,T,,2022-08-21
721,1248,2025-04-28,T,26000,2024-04-30
723,1102,1995-01-27,,24000,1975-08-20
724,-83,2010-08-08,,6900,1969-12-02
725,1468,2017-03-24,T,15000,2015-01-12
725,-1736,2025-01-06,T,31300,2019-04-27
725,1377,2024-02-06,,18400,2017-08-16
725,808,2025-09-23,T,17900,2018-05-07
725,-1767,2025-08-06,,15000,2018-09-08
725,-698,2026-01-13,,31300,2022-12-26
725,-922,2014-12-17,T,17700,2014-05-31
725,1551,2025-12-15,T,9700,2014-12-15
725,-1953,2017-12-28,T,17700,2016-09-27
726,-561,2017-06-09,T,30000,1982-10-09
726,331,2015-08-12,T,30100,2002-08-14
726,488,2018-04-07,,24500,2009-08-29
726,-220,1989-02-04,F,31200,1981-09-23
726,-534,2025-09-15,T,21300,2005-07-05
726,1509,1993-09-02,,10400,1992-01-12
726,260,1994-01-27,F,1400,1988-10-29
726,-1935,2014-01-03,,3900,1989-09-17
726,-50,1994-12-31,F,1900,1994-06-05
726,-815,2026-03-05,F,19800,2015-12-08
727,-423,2025-08-27,,24300,2008-02-12
727,-517,2019-10-17,,20200,2015-10-16
727,-1773,2023-05-20,T,9000,2019-11-16
727,-742,2023-05-23,T,2700,2017-06-05
727,-591,2008-03-09,F,24500,2005-09-29
727,1411,2009-12-26,T,20600,2006-08-15
727,664,2011-12-25,F,16000,2006-05-05
728,-595,2023-08-09,T,27500,2002-09-27
728,1970,2024-04-22,T,16800,2015-12-11
728,-424,2021-10-16,,16000,2005-10-30
729,-1929,1927-04-24,,6400,1926-02-06
729,-1401,1955-04-02,,25000,1942-12-27
729,-397,1945-09-19,,30200,1943-10-20
729,-50,2019-03-12,,7300,1930-12-16
729,1581,2007-04-03,,22000,1948-10-02
729,92,1938-12-12,T,8900,1929-11-01
729,1407,2010-10-24,,29700,1930-02-18
729,92,2010-02-19,F,7300,1976-03-07
729,92,1980-11-18,F,28600,1931-05-04
729,-893,1968-03-09,F,29900,1935-07-03
729,344,2021-11-16,T,23900,1925-06-20
729,-934,1974-05-15,T,23900,1948-05-23
729,1329,1968-03-01,,14500,1934-05-16
729,1738,2010-08-23,T,15500,1985-10-21
729,1068,2020-08-24,T,28600,1973-06-22
729,1374,2002-12-31,T,29900,1976-09-21
730,758,2023-03-20,T,24800,2012-01-17
730,-146,2004-10-17,,22100,2003-10-03
730,-1221,2021-06-23,,7100,2016-10-24
731,-1218,2020-09-07,F,9300,2011-11-04
731,1834,2020-10-16,T,1400,2001-12-25
731,-1482,2025-01-12,T,31800,1979-03-16
731,-44,1996-06-28,,14700,1972-04-14
731,1354,2013-01-04,T,11900,1999-10-16
732,-1248,2021-09-18,,8100,1959-04-01
732,-566,2010-05-14,,7000,1969-03-02
732,-1208,2018-09-22,,16200,1997-06-19
732,-664,2018-06-06,,22600,1969-12-20
732,711,1968-06-11,,28400,1962-02-16
732,-714,1988-10-21,,30700,1969-02-24
732,-1937,2021-01-26,,32200,1989-02-06
732,-1636,2021-09-25,,31800,1993-02-18
732,-891,2015-06-22,,1700,1960-12-19
732,78,2020-12-07,,28400,2018-06-07
732,-1075,1983-02-02,,22500,1964-09-03
732,-71,1962-02-17,,31700,1950-02-26
732,1908,1981-12-18,,31900,1969-06-22
732,-939,2003-09-28,,18600,1962-03-06
736,-72,1951-02-21,,29900,1950-03-30
736,218,1964-02-18,,22000,1937-07-09
736,636,1998-04-21,F,,1946-04-03
736,-1110,1996-11-23,T,30200,1939-04-26
736,-974,1989-04-21,,26600,1982-05-26
736,-229,1989-05-05,F,19600,1976-09-14
736,1329,1981-07-27,,19200,1944-02-06
738,970,1960-07-30,F,9700,1957-10-22
738,-92,2014-10-03,T,24700,1987-09-22
738,760,1968-06-24,T,5600,1953-02-05
738,1899,1995-02-01,T,22800,1989-07-20
738,-1946,1979-07-10,T,1400,1976-03-10
738,1457,2014-01-27,F,15800,2004-10-14
740,-136,1998-03-04,F,22600,1968-04-17
740,-909,1992-12-20,,16000,1978-08-04
740,-981,2019-05-01,F,13000,1980-10-12
741,985,2020-10-27,T,7600,1995-09-13
742,403,2018-08-03,T,5200,2014-01-26
742,1547,2021-04-18,F,15500,2016-12-28
742,-1242,2012-02-14,T,9800,2011-03-08
742,1869,2025-10-08,T,11100,2013-03-30
742,-1927,2021-11-13,T,28900,2019-06-11
742,-1722,2017-05-20,,16800,2015-12-09
744,1992,1977-03-12,F,24300,1951-12-01
744,-584,1958-11-13,F,20900,1956-09-05
744,445,2017-08-24,F,2100,1956-02-20
744,-30,2020-06-17,T,15900,2007-06-24
744,1089,2015-04-08,,4700,2006-11-17
745,-1507,1997-09-25,T,27200,1985-01-24
745,-1351,2019-05-07,T,30800,1989-04-22
747,1202,1966-06-23,,31500,1940-09-14
748,340,2026-03-25,F,9100,2026-03-08
748,-904,2026-06-16,T,32000,2026-03-06
748,-1599,2026-06-24,F,30900,2026-02-28
749,919,1996-09-22,,14700,1986-07-27
750,1399,1944-03-07,T,9400,1930-07-24
750,-1228,2023-09-11,T,15500,1945-01-12
750,-1433,1926-07-02,F,30200,1912-06-04
750,1718,1943-06-21,T,28500,1921-07-30
751,568,1995-05-23,T,5400,1970-09-19
751,-814,1976-10-02,,24900,1963-07-04
751,693,1979-05-24,,26700,1950-07-17
751,813,1985-06-26,,10500,1965-09-22
751,444,1990-08-09,T,20400,1956-06-20
751,871,1991-01-22,,11000,1946-09-23
751,239,1973-09-25,T,3200,1966-01-09
751,-352,1977-05-01,T,900,1959-09-19
751,-1514,1996-06-24,,14100,1954-07-27
752,775,2011-05-26,T,18800,1986-11-11
752,-1711,1994-05-22,,14600,1987-06-25
752,-652,2024-01-28,T,21600,2016-05-24
752,882,2017-10-19,,13700,1984-10-11
752,1244,2006-11-20,T,25000,2001-04-01
752,-903,2022-04-23,,7400,1991-10-18
752,1981,2008-03-28,,16500,1983-11-30
752,1641,1998-05-18,,31100,1998-01-14
752,1879,2004-01-18,,21200,1991-08-13
752,365,2022-11-15,,32300,2019-04-09
752,1892,2004-07-30,,31600,2000-08-21
752,-401,2026-03-28,,20700,2007-05-02
752,-1000,1997-12-31,T,12700,1997-01-28
752,-94,2001-08-02,,11300,1989-09-14
752,-1593,1990-08-12,T,16500,1987-10-24
752,-903,2003-05-11,T,31900,1990-05-25
753,-1481,2022-06-11,,25400,1951-03-16
755,115,2020-09-19,,30600,2019-10-07
755,-1323,2010-03-31,,11200,2008-12-04
755,-927,2024-06-25,,24700,2004-04-28
755,4,2024-07-23,,15600,2015-10-03
755,-41,2009-09-30,,22800,2008-01-30
755,-1043,2014-03-29,,26000,2012-08-09
755,1475,2026-02-19,,7500,2024-12-10
755,-945,2023-07-25,,18000,2012-05-25
758,262,2024-09-18,,11400,2014-10-29
758,-1312,2018-01-11,,26600,2007-08-30
758,-835,2021-03-27,,25000,2008-02-13
758,-956,2024-10-11,,300,2019-01-25
758,-1951,2016-01-25,,28900,2011-04-11
758,730,2021-09-04,,8600,2021-03-16
758,-1534,2021-04-04,,25800,2015-01-10
758,-1876,2018-03-14,,25900,2005-12-31
759,-488,2024-12-08,,11900,1957-10-24
759,1928,2014-09-10,,30500,2011-06-04
759,1426,2014-05-23,,9300,1971-07-28
759,1177,2007-05-15,T,30500,1999-11-08
759,1073,1963-01-23,,,1963-01-01
759,642,1963-12-17,T,4900,1959-08-26
760,312,2025-08-11,,11600,2025-07-25
760,494,2026-07-24,F,15200,2025-09-14
760,-763,2026-03-17,T,21200,2025-08-15
761,441,2015-09-12,T,13600,2000-07-13
761,-1379,2006-12-20,T,28300,2000-04-06
761,-202,2021-12-13,,31600,2011-01-28
761,-932,2022-11-28,,16800,2012-03-24
761,-1586,2018-02-16,,13500,2017-06-06
762,1574,2001-10-15,,16800,1980-05-31
762,263,2012-07-26,T,24900,1986-01-03
762,-1379,1998-10-24,T,22200,1983-01-29
762,-838,2013-02-13,T,6300,1984-05-18
762,-589,1993-11-10,T,29000,1977-12-27
762,491,2001-01-21,,28800,1978-03-01
762,-839,2024-06-16,,20000,2018-09-04
762,1921,2022-08-05,T,23400,1989-10-17
762,1660,1988-11-26,,9000,1979-09-10
762,1102,2018-05-08,,7100,1969-07-21
762,1212,2009-02-22,T,16600,2001-04-19
762,-861,2021-03-13,,30500,2010-04-12
762,-1152,2016-06-08,,23500,1971-11-29
762,676,1977-11-17,,12300,1972-01-12
762,24,2005-05-11,T,16300,1971-07-05
762,-649,2019-09-15,,23100,1999-10-11
763,1047,2006-03-15,T,5000,1983-12-03
763,1801,1947-01-13,T,20200,1928-10-25
763,155,1934-08-15,,9600,1919-11-18
764,439,1964-11-12,T,17900,1949-04-21
764,1774,1963-08-13,T,32300,1941-10-12
765,-1660,1961-03-11,,12800,1931-10-05
766,21,2023-06-18,,2700,1955-02-07
766,1514,1937-04-16,,12600,1916-07-17
766,-269,1986-02-09,,25200,1932-05-05
767,421,2025-08-31,,6600,2024-04-20
767,-108,2025-12-01,T,6200,2025-01-28
767,1392,2026-08-09,,21600,2024-06-26
767,175,2024-09-28,,17400,2024-02-25
767,500,2026-04-19,,26000,2023-12-14
767,-1519,2025-12-17,T,6200,2025-08-19
767,-1173,2025-08-10,,8500,2024-03-01
767,-543,2025-10-17,T,11500,2024-06-04
767,-740,2026-06-03,T,18400,2025-12-05
767,-481,2025-08-06,T,21600,2024-08-15
767,1247,2025-07-04,,26000,2024-07-03
767,-1023,2025-09-10,,26600,2025-05-15
767,1687,2024-10-21,T,26600,2024-02-12
767,206,2026-03-21,,26600,2025-09-01
767,-1358,2025-05-10,,11500,2024-12-15
767,707,2026-02-09,,11500,2024-07-15
769,-1520,2024-10-19,T,16000,2014-04-03
769,-1092,2002-07-20,,19000,1999-07-14
769,-573,2002-01-12,F,16700,2000-06-07
770,771,2020-05-13,T,6100,2012-07-14
770,644,2014-04-26,,23500,2012-06-25
771,1829,2018-10-21,T,,2007-06-18
771,-1859,2009-07-12,,25300,2008-01-14
771,1697,2020-07-28,T,20600,2015-12-04
771,-1540,2025-10-02,,21200,2019-02-23
772,717,1991-11-06,F,22000,1986-05-10
772,1904,2011-04-09,F,6400,1955-10-07
772,-1401,1993-06-09,,9400,1966-04-08
772,1068,2006-08-26,T,7300,1987-04-11
772,-1252,1987-07-09,F,9400,1965-12-27
772,-1205,1975-05-23,T,14500,1963-11-18
773,586,2017-01-13,T,17600,2009-09-22
774,-464,2025-09-29,T,13300,2025-01-23
774,-1374,2025-09-13,,5100,2025-09-05
776,499,2013-12-27,T,25000,1994-10-07
776,-1318,2009-07-12,T,15000,2004-01-25
776,1146,2013-08-27,T,9100,1964-10-26
776,-381,1985-01-21,,10000,1967-02-15
776,1642,2015-02-25,T,32200,1934-12-11
776,-1645,1949-10-15,,31500,1934-01-16
776,1163,2006-10-17,,6700,1940-04-02
776,100,2006-09-24,,4300,1963-01-19
776,636,2023-09-07,,9400,1922-12-03
776,1818,2021-10-11,T,22700,1978-03-11
777,169,1968-07-15,,29900,1956-08-03
777,-1700,1986-11-06,F,29900,1980-01-05
777,-65,1981-10-18,F,,1945-05-27
777,-506,1958-03-21,,29900,1958-01-04
777,-853,1976-07-24,T,,1970-04-30
777,-56,1964-05-16,,,1957-06-08
777,984,1961-05-04,F,,1952-03-08
777,1464,1967-03-05,,,1961-09-05
777,202,1964-12-27,,29900,1930-06-25
777,-382,1977-07-18,F,,1965-01-15
777,-789,1982-06-10,,29900,1957-07-27
777,777,1972-12-16,,6900,1932-01-02
777,62,1960-06-16,T,6900,1932-10-31
777,34,1976-03-13,,29900,1940-05-25
777,894,1942-01-22,F,6900,1930-12-31
778,-888,1948-04-06,F,4000,1944-11-18
778,66,1982-11-27,F,16600,1930-04-26
778,-219,1955-09-27,F,13600,1934-01-15
779,676,1956-10-01,T,2300,1934-12-13
779,-385,2018-03-15,,14000,1954-02-22
779,1334,2021-12-30,,7400,1923-03-23
779,910,2002-04-20,T,30700,1938-07-07
779,-1258,2008-12-04,T,200,2007-07-27
779,-871,1981-04-28,,9800,1967-08-12
779,552,2020-09-18,T,27600,1932-04-08
779,-1630,2012-06-10,T,3400,1938-01-29
779,-1524,1979-01-06,,27200,1968-05-26
779,1364,1981-11-13,,16300,1978-10-28
780,178,1964-12-26,T,15100,1963-03-19
781,1137,1965-02-09,,10100,1953-12-09
782,-1125,2013-11-18,,12500,1972-08-12
782,1660,2008-03-16,T,12400,1992-01-06
782,-93,2013-02-25,F,22000,1998-05-07
782,-1873,2015-06-09,F,25500,1975-12-03
786,-1040,2014-05-25,,19400,1917-06-25
786,-1755,2020-08-05,,4900,2006-10-30
786,1068,1955-10-02,,9300,1930-06-14
787,-156,2016-02-01,F,13300,2003-03-06
787,1073,2019-05-22,F,30100,2008-11-25
788,-293,1989-10-13,,11900,1983-09-19
788,682,2019-09-22,,11400,2017-09-02
788,-1901,2002-07-13,,4600,2000-03-18
788,529,1990-07-04,,14300,1986-08-31
788,1320,2010-01-30,,11100,1986-04-01
788,-1740,2024-06-08,,16600,1993-08-04
788,-196,1992-09-19,,2600,1991-12-10
788,1192,1997-12-04,,20600,1983-01-17
788,1251,1997-03-09,,6600,1991-07-11
789,1051,1951-09-20,,5000,1946-02-22
789,-1245,1975-07-05,,5300,1974-10-27
789,-1559,1971-12-25,,5900,1929-05-20
789,95,1949-12-12,,3600,1930-01-19
789,1110,1962-06-20,F,13200,1939-03-22
789,994,1968-01-14,,24400,1934-11-06
789,-727,1940-10-21,,5900,1936-05-02
790,1426,2010-11-21,T,26000,2003-05-02
790,844,2023-07-13,,9500,2019-03-22
790,1378,2018-05-16,,5800,2003-07-21
791,1247,2004-08-11,T,25700,1994-07-06
792,1781,2002-02-01,,22200,1984-06-30
792,588,1986-09-12,,21400,1966-09-17
792,1215,2016-09-11,,31500,1965-06-30
792,1136,1981-03-26,,10000,1980-04-13
792,-1403,1972-06-08,,29300,1966-08-26
793,966,2020-12-03,,30800,1986-10-16
793,-328,2002-03-29,,9700,1909-04-25
793,1633,1989-03-25,,7000,1970-10-20
794,1638,2016-12-10,F,29900,2001-10-25
794,999,2012-04-18,F,29900,2004-04-29
794,696,2006-03-15,,,2005-11-29
794,1885,2015-10-01,T,29900,2014-05-26
794,547,2007-10-09,F,6900,2002-10-08
794,-354,2023-05-08,,29900,2020-12-30
794,1279,2011-11-09,T,29900,2004-02-20
795,-1030,2013-06-26,,14900,2006-12-05
796,683,2016-06-29,F,1000,2007-10-22
798,1869,1938-04-06,T,1400,1938-01-12
798,1096,1933-04-19,T,6900,1919-05-15
798,1061,1933-12-19,T,1000,1928-03-24
798,-727,1930-11-03,T,13800,1918-04-30
798,210,1935-05-27,,21800,1931-07-12
798,-1040,1939-11-07,F,4400,1937-03-05
799,-872,2024-12-14,,6600,2023-08-15
800,-1043,2025-01-19,,16100,2012-04-25
800,1305,2015-01-23,,22500,2012-01-24
800,-1895,2025-01-17,T,19700,2012-05-20
802,1774,1947-08-30,T,2200,1946-03-05
802,856,1955-01-09,,2300,1952-06-18
802,840,1946-09-01,T,14300,1946-06-28
803,-146,2022-10-11,F,16200,2014-01-12
803,588,2016-03-04,T,27500,1999-05-05
803,-502,2014-08-04,,15100,2009-12-17
803,-1875,2005-08-01,,22800,2001-10-11
804,1593,2012-11-23,T,10300,1993-01-02
804,-1053,2008-08-25,T,5900,1990-05-25
804,-1205,2025-02-02,,10300,1993-08-28
804,-459,2010-03-02,T,19400,2009-06-03
804,-1142,2019-10-15,T,32600,2011-06-04
804,1043,2014-05-10,T,,1991-09-09
804,-1300,2021-07-16,T,5900,1996-12-25
804,696,2021-09-04,T,11900,1995-12-31
804,1366,2024-08-11,T,5900,1995-01-25
804,-1287,2006-10-03,,,2000-10-10
804,-1648,2021-09-04,,11900,2013-05-30
804,1780,2002-01-02,,10300,2001-03-12
804,-248,2016-04-02,,4900,2002-05-30
804,1426,2011-05-11,T,30500,2004-08-19
805,-1616,2012-08-06,T,6800,2006-10-21
805,-1587,2021-09-02,T,7400,2016-07-06
805,-1587,2015-06-23,T,4900,2013-07-07
805,-974,2022-10-03,T,26600,2018-01-15
805,-1873,2015-03-09,,17000,2007-04-03
805,1569,2025-09-11,T,12300,2019-10-11
806,572,2010-07-16,,1000,1951-01-06
806,-669,1998-05-15,T,14400,1922-04-11
806,-1536,1965-11-11,T,9500,1915-11-11
806,-1334,2023-02-16,,27400,2016-09-02
806,-1675,1990-07-28,T,3300,1913-01-17
807,-1881,1995-04-02,,20300,1977-01-02
807,850,2021-09-29,F,7200,2012-05-23
807,1425,2015-01-23,,6200,1995-05-27
807,940,1995-08-23,,25500,1928-02-15
807,-517,1965-02-12,F,17400,1947-06-20
807,1746,1988-07-10,F,32400,1924-02-25
807,-1471,1941-06-11,F,8600,1932-07-25
808,377,1985-02-16,F,30800,1954-11-09
808,-786,2005-09-03,F,12500,1985-04-22
808,-1734,2022-06-28,T,22700,1957-01-14
809,-50,1976-02-22,,6100,1918-01-30
809,1283,1988-02-10,T,28500,1923-05-06
809,-1509,1967-05-27,,19600,1902-10-21
809,-974,2008-10-25,T,23900,1909-04-04
809,-974,2005-04-23,,28600,1952-05-01
809,1472,1974-05-24,F,7900,1940-01-18
809,-1958,2022-10-09,F,19200,1922-03-14
811,-1340,1992-04-18,T,6400,1948-09-18
811,-1051,2008-12-12,T,6800,1977-05-08
811,111,2024-08-20,,16300,1999-06-29
811,-1341,1993-12-10,F,13300,1940-02-13
811,1915,1991-12-23,,4400,1975-05-26
812,1684,2006-09-13,,6200,1946-02-26
813,651,1974-09-05,,3900,1956-03-14
813,-1303,2004-11-22,T,8300,1987-10-06
813,-1647,2012-03-25,T,6100,2006-09-15
813,1446,2020-02-04,T,10800,2010-03-30
813,1505,2021-01-20,,2100,1991-05-22
813,750,2001-06-26,,15800,1978-09-19
813,-1149,2025-08-03,T,21900,2004-11-14
813,-1050,2011-02-20,F,3300,1981-07-16
813,1877,2013-10-16,F,600,1996-04-02
813,368,2022-04-11,F,27700,2017-12-28
813,-729,1984-10-16,,10100,1973-05-13
813,-88,1971-07-03,,22200,1961-09-20
814,1270,1979-12-17,T,17500,1972-02-04
814,-605,2018-08-02,,26800,1994-08-18
815,-1759,2006-02-08,,24500,1986-04-26
815,574,1971-08-20,,28200,1939-08-14
815,843,2006-06-05,F,21700,1959-05-25
815,1383,2006-03-01,T,4000,1990-03-26
815,-348,1962-06-20,,21700,1949-01-18
815,,2007-05-26,F,28400,2005-09-15
815,1383,2014-06-15,T,18400,2006-10-22
815,-1305,1991-10-03,T,600,1942-07-06
817,-1363,2019-01-26,T,29600,2016-11-03
817,1066,2021-02-22,T,19600,2016-11-26
817,-421,2020-06-15,,27700,2015-04-07
817,1281,2019-10-05,,15200,2016-06-09
817,-754,2019-02-27,T,1700,2016-09-11
818,410,2022-07-02,,,2012-11-02
818,1842,2022-12-21,T,26700,1965-08-14
819,1721,2001-01-03,T,31100,1998-11-16
820,-813,1979-03-14,,19200,1924-02-26
822,1273,2026-07-10,T,10300,
824,-1195,1968-03-25,,6600,1966-08-05
824,-1973,1973-11-09,,6600,1961-09-08
824,1913,1982-12-06,,7600,1966-02-03
824,1970,1977-09-16,,3400,1971-05-17
824,-1726,1967-06-21,,25200,1966-08-13
824,-1184,1973-08-10,T,16300,1967-08-21
824,-341,1966-09-30,T,6100,1966-04-25
824,1019,1968-03-31,T,18100,1967-03-29
824,-712,1982-01-31,T,13800,1977-10-07
824,-1810,1976-11-10,,25200,1962-02-12
824,1923,1970-12-25,T,4100,1969-05-24
824,1874,1979-08-24,T,6600,1975-11-04
824,150,1975-02-23,T,18100,1974-12-29
825,-1445,2021-12-18,,13300,2006-01-10
825,-581,2024-06-15,F,19100,2014-07-06
825,5,2024-10-07,F,11600,2019-10-10
825,96,2021-03-24,,7300,2009-11-12
825,,2005-02-05,F,7600,2004-05-15
825,-1539,2022-11-03,F,4700,2014-09-19
825,1242,2024-10-05,,8900,2020-07-11
825,-1714,2024-10-08,,8900,2015-11-03
825,296,2008-09-16,F,15900,2008-05-05
825,-1051,2026-06-01,,1800,2018-08-25
825,1311,2005-05-15,,16500,2001-02-25
825,-1433,2018-03-05,T,10400,2002-08-23
825,1144,2020-11-23,,16400,2010-11-07
825,-1267,2024-03-03,F,1400,2003-07-01
825,1299,2014-06-08,T,15900,2014-05-28
825,-229,2016-07-13,T,,2004-04-08
825,153,2020-12-11,,11600,2017-03-05
825,1840,2016-04-19,T,19200,2011-09-30
825,90,2022-06-18,F,15200,1998-11-09
825,-1988,2017-06-21,T,24600,2017-03-22
825,638,2006-04-14,F,25000,2003-04-26
825,1447,2012-06-30,,29900,2012-02-01
826,1561,1991-12-15,,24600,1990-07-08
827,1976,2018-07-28,,18300,2004-10-25
827,-952,2019-11-20,T,16300,2015-03-27
827,1972,1987-07-18,,10800,1958-01-18
828,1767,1963-02-27,T,26700,1941-05-07
829,1271,2018-07-13,F,17300,2001-07-28
829,1271,2023-04-03,F,2500,2015-05-29
829,-42,2010-03-29,F,22600,2003-02-24
829,1214,2001-10-07,T,2200,2001-01-04
829,1555,2023-04-06,T,10800,2005-11-18
829,1752,2004-01-09,,23100,2001-06-28
829,-42,2017-11-03,,21500,2017-01-14
829,-1640,2026-08-11,T,11400,2025-12-25
830,-954,2019-07-17,T,14300,2015-08-29
830,-327,2011-08-16,T,15000,2004-11-12
830,-2,2016-09-18,T,31000,2007-03-08
831,365,2024-11-03,T,15000,2024-09-06
831,-1169,2025-11-18,,21900,2025-06-21
831,-1059,2026-06-09,,7000,2024-10-15
831,966,2024-11-19,T,6700,2024-09-01
831,-1697,2026-04-21,T,32400,2026-03-07
831,-1064,2026-06-10,T,7300,2025-11-22
831,-226,2026-08-10,T,26700,2024-05-08
831,912,2025-08-02,,28500,2024-01-20
833,485,2007-09-13,,16900,1960-07-15
833,1410,2003-05-14,,6800,1978-01-12
834,-1386,2019-04-16,F,0,2018-03-10
835,1515,2021-09-20,F,16600,1961-02-02
835,-335,1976-01-19,F,15500,1959-05-17
835,1244,2002-02-07,,22600,1984-03-04
836,806,1993-09-10,,32100,1988-11-14
836,-3,2014-02-03,T,32500,2011-07-23
836,-568,2012-04-27,T,24000,2008-02-10
836,-125,2017-09-17,T,26100,2016-04-22
836,1979,2019-07-17,,22200,2018-06-25
836,-1411,2022-11-03,T,20400,2022-01-10
836,-110,1995-08-30,,21100,1995-04-28
837,-674,1958-12-06,,7900,1958-06-06
837,-258,2017-09-14,T,8700,1997-04-30
838,-794,2022-09-27,T,11500,2020-06-23
838,-1360,2024-11-17,T,20200,2024-07-11
839,695,2014-10-20,,29600,2004-08-08
839,-147,2025-05-12,,7100,1969-06-14
840,-1404,2023-02-18,,26600,1952-07-18
840,-1078,1986-05-27,,12900,1971-07-24
840,1099,2018-09-26,,31100,2007-11-16
841,-1383,2025-04-02,,17000,1997-05-01
841,-769,2008-12-10,F,16700,2002-01-08
841,-188,2023-02-27,,600,1997-09-07
841,-591,2010-10-21,F,13200,2003-01-27
841,480,2024-09-13,T,18500,2023-11-30
841,1370,2021-04-28,,24900,2001-05-06
841,-1559,2019-07-12,F,11200,2003-07-14
841,-587,2019-03-16,,3300,1992-10-15
841,-88,2023-01-02,F,19400,1998-09-23
841,161,2014-01-15,F,16700,2009-03-02
841,491,2007-05-09,,11900,1996-03-27
841,-766,2016-11-02,,31500,1994-12-09
841,997,2013-02-25,F,13100,1994-11-06
843,1873,1992-09-17,,12000,1988-11-27
845,-842,1965-05-08,,22400,1953-04-28
845,1300,2022-12-20,,16300,2006-10-20
847,1354,2015-07-05,F,29900,1974-05-07
847,-457,2024-04-28,F,29900,2006-07-11
849,-723,2003-12-23,,18700,2003-06-17
849,460,2014-03-19,T,26600,2013-08-21
849,-909,2009-01-20,,8300,1994-08-09
849,-1870,2015-03-05,,7600,2005-06-02
849,-376,2016-06-06,,26100,1998-01-11
849,-1654,2015-02-13,,7600,1999-05-31
850,89,1998-09-02,,20200,1986-11-13
850,481,1995-01-10,,32600,1987-10-28
850,779,2008-02-25,,13300,1987-09-04
850,-1083,2009-01-01,,30400,1999-01-17
850,203,2017-02-18,,25000,1996-08-08
850,1300,2004-08-01,,1500,1989-12-30
850,-538,2016-03-26,,8400,1992-01-03
851,-1083,2022-12-07,,,2015-08-28
851,440,2026-05-21,,29900,2013-08-29
851,1185,2019-02-22,F,,2014-12-19
851,-1823,2017-06-08,,6900,2001-03-16
851,-1297,2016-01-25,,29900,2005-03-19
851,1172,1997-07-17,F,,1997-03-05
851,1210,2017-09-01,,6900,2003-05-23
851,1732,2019-01-13,F,,1998-01-04
852,1796,2023-05-21,F,14000,1946-05-28
853,-676,1973-11-21,,4800,1956-06-07
853,786,2019-11-13,,29100,2005-09-05
853,1246,1966-05-29,T,28500,1947-12-14
854,1027,1998-01-01,T,14700,1984-02-17
854,-362,1990-05-22,,11600,1959-07-19
854,-360,2024-11-10,,19100,1974-09-05
855,859,1976-11-15,T,13000,1962-11-14
855,1666,1966-10-25,,21600,1963-08-26
856,656,2019-10-17,,900,2006-10-23
856,1259,2021-01-21,T,8600,2006-08-29
856,-1718,2025-02-23,T,20000,2021-08-23
857,-543,2020-01-20,F,31600,1978-06-19
857,-897,2011-06-22,,32800,2009-06-26
857,-690,2011-12-30,F,13700,1982-11-22
857,1870,2024-03-13,T,3400,2000-06-20
857,-229,2015-09-01,,8100,1991-08-02
857,-1804,2021-09-17,F,21500,1990-11-23
857,-1626,2000-10-16,T,13400,1993-11-01
857,1627,2015-10-20,T,29300,1986-05-21
857,-149,2025-09-25,F,24100,2024-06-05
857,1465,1996-09-01,F,5800,1987-02-16
857,1671,2009-04-17,,20700,2007-05-25
857,-1928,2018-09-13,F,3400,2001-06-12
857,-1284,2022-07-21,,1400,1981-06-24
857,-1695,2023-01-22,T,21500,1997-09-07
857,325,1988-10-18,F,27800,1980-04-15
857,-427,2026-01-14,F,16100,1994-01-21
857,1425,2005-10-05,T,5800,2002-12-27
857,-1354,2021-01-03,T,,2013-03-10
858,-934,2015-06-15,,8900,2012-02-18
859,1837,2012-03-06,F,29900,1991-09-01
859,1898,2020-12-07,F,12600,2003-12-20
860,491,1972-03-17,F,15200,1930-05-13
860,-1440,1968-06-05,T,17400,1947-02-22
860,571,1936-06-23,F,5200,1920-09-10
860,-718,1977-07-08,F,21600,1956-12-16
861,1107,2020-02-12,,8100,2017-04-17
861,1509,2023-02-19,T,13100,2013-05-04
861,-1690,2021-10-29,,9400,2020-04-03
863,-844,2021-02-20,T,7600,2009-11-15
863,-987,2024-03-27,T,10000,2000-12-18
863,349,2020-01-25,T,12700,2000-09-18
863,-626,2010-03-02,T,19400,1997-10-01
863,-403,2024-05-28,,25500,2004-02-02
863,-722,2009-12-25,,25800,1999-12-05
863,-1170,2004-06-11,,22300,1998-09-15
864,-1351,1990-08-12,F,10900,1983-07-16
864,1371,2021-01-17,T,2200,2014-06-13
864,298,2005-09-29,T,15500,1984-01-01
864,-786,1986-05-30,,16300,1984-07-16
864,-1681,2005-10-26,T,30200,1990-09-03
864,574,2009-06-09,,22200,2000-03-23
864,1405,2006-03-21,T,25600,2000-03-28
865,-1288,2013-02-21,F,13500,2011-07-06
865,568,2018-01-20,F,30700,2007-05-17
866,-1911,2026-07-20,,9300,1997-08-04
866,-1619,2014-02-02,T,26000,2011-04-26
866,-1485,2024-10-13,T,23900,2001-05-01
866,851,2024-08-12,,25400,1978-12-02
866,-157,2000-01-12,T,32500,1978-01-28
866,-455,1993-02-22,,32600,1976-03-03
866,1876,2017-10-25,,12300,1984-05-06
866,-1082,1993-08-17,T,23700,1973-03-14
866,1822,2023-01-09,T,16500,2016-02-14
866,883,2017-12-09,T,20600,1978-03-25
868,-1071,2021-01-10,T,17100,2017-08-01
868,-1363,2026-01-15,F,16200,2013-06-22
868,-1488,2026-05-24,,1500,2024-01-27
868,-1588,2025-02-02,F,19400,2024-07-31
869,-1701,2023-09-01,,17700,1988-08-29
870,703,2025-05-22,T,19200,2024-02-06
870,-1638,2024-10-25,T,11100,2024-02-20
870,-172,2025-09-17,T,30900,2025-05-01
870,1260,2026-07-04,T,11200,2026-01-10
872,1604,2020-09-18,T,13700,2012-08-16
872,-1439,2010-11-06,,800,2010-01-11
872,1618,2023-06-29,,18500,2009-04-30
872,-1054,2014-06-08,,24900,2007-09-22
872,569,2013-04-29,T,14300,2012-11-16
872,1662,2013-10-28,,11000,2006-02-19
873,368,1983-03-01,F,17400,1958-06-13
874,-839,2025-08-08,T,21000,2021-09-19
875,1538,2012-05-08,T,15200,2000-03-10
875,1428,2016-06-03,T,23800,1984-02-28
875,-315,2002-01-08,T,3500,1971-05-30
875,900,2017-09-19,T,4400,2012-05-15
875,1558,2001-05-19,,22800,1978-05-29
875,1113,1976-03-04,T,3200,1961-04-10
875,1600,1978-08-09,T,200,1968-12-03
875,-1615,1999-02-23,T,21400,1965-01-20
875,1240,2007-07-04,,21600,1986-05-28
875,-834,2009-03-09,T,11200,1966-05-11
875,-1488,1965-09-12,T,10800,1964-07-27
875,1826,1991-07-29,,3700,1957-03-14
875,1911,2011-09-21,,8600,1993-05-21
875,1103,2008-08-02,,10800,1993-11-25
875,-377,1984-05-22,,30800,1959-03-12
875,977,2017-06-17,,18400,1963-11-24
875,628,1980-10-09,,14000,1958-03-11
876,1303,1977-09-10,,18000,1937-09-13
876,1216,1991-07-23,T,19200,1964-04-11
876,1586,2026-03-07,T,6900,1948-01-29
876,-1516,2022-04-21,,4000,2021-12-16
876,-440,1982-03-20,,28100,1960-09-26
876,-1521,2002-01-31,T,30000,1998-09-20
877,-827,1964-05-30,T,31000,1923-08-02
877,1545,2012-01-09,,15400,2009-08-30
877,-1302,1971-08-23,F,26500,1959-07-08
877,-1327,1998-11-19,T,14900,1943-02-19
878,-1267,2016-09-29,F,3000,1966-12-14
878,-1266,1960-09-22,F,10400,1926-01-06
878,-415,2017-06-22,F,1800,1994-07-28
878,-1582,1967-03-01,F,17100,1944-04-07
878,1332,1963-07-03,F,15500,1927-10-13
879,-1564,2019-12-10,T,18400,2012-01-19
880,123,2000-07-03,,31400,1990-12-31
880,724,2007-04-03,,25800,1996-12-15
880,708,1980-05-27,,4800,1977-10-12
880,1505,1986-05-16,,3000,1984-02-17
880,1138,2020-12-24,,10700,1992-08-08
880,1529,2001-05-26,,25800,1986-08-07
881,1222,1971-07-15,F,28200,1947-02-28
881,-1153,1998-11-11,F,17200,1997-10-19
881,-1959,1971-03-06,T,20000,1934-12-05
881,1027,1964-02-20,T,28600,1946-11-14
881,-1872,2025-12-13,T,26000,1904-06-23
883,-1002,2024-03-23,,20000,2006-07-23
884,-1067,1983-01-23,,7200,1945-04-18
884,786,1938-06-14,,1000,1937-04-01
885,1128,1975-09-10,T,3800,1968-09-06
885,375,1988-08-03,T,11100,1963-01-04
885,-298,2002-06-19,T,11000,1997-02-16
886,-1958,2023-06-27,F,6400,2023-06-16
886,-1190,2025-12-04,T,29700,2025-05-16
886,162,2025-02-12,,31600,2024-07-24
886,292,2025-06-27,T,8900,2024-04-19
886,-1469,2025-02-04,F,16400,2023-07-01
886,-1509,2026-03-02,,29900,2025-10-25
886,1359,2025-08-03,T,8400,2024-01-09
887,1002,1972-08-19,T,17100,1940-08-08
887,-1520,1984-01-07,F,16000,1964-07-12
887,-488,1963-03-13,F,26500,1956-10-23
888,-1201,2004-12-07,,16900,1992-08-16
888,-945,1982-12-25,F,14700,1955-10-08
888,-1304,1963-02-02,T,2700,1960-04-30
889,1914,2014-08-22,,25200,1963-04-20
889,-376,2014-02-20,T,24600,1956-11-12
889,-382,2025-12-08,,14200,1932-05-17
889,1808,2025-02-23,F,18200,1940-11-21
889,-514,2007-08-21,,16800,1944-09-27
890,-159,2013-10-29,T,27100,1996-01-21
890,1280,2026-04-03,T,3500,2013-02-24
890,1693,2026-07-10,T,5600,2017-10-18
890,1739,2011-04-22,T,19600,1982-06-10
890,933,2003-04-07,,17800,2001-04-27
890,-1050,2021-01-07,,6800,1984-10-18
890,692,2018-03-11,,23100,1998-02-25
890,724,2011-10-21,,1100,1990-01-18
891,1189,1972-12-07,T,6600,1928-04-30
891,-317,2023-04-19,T,3000,1940-07-03
891,-1424,1957-01-27,T,10500,1939-12-21
891,-369,2009-11-11,,10900,1976-01-06
891,-879,2008-06-15,,7200,2001-04-18
891,326,2000-12-27,,13200,1991-12-23
891,72,1983-09-14,F,11600,1930-03-12
891,-198,1951-07-04,,32600,1927-03-26
891,126,1989-03-11,F,29300,1986-04-12
891,-381,2003-04-03,,23300,1991-04-19
893,-715,2015-01-12,,10200,1971-08-24
894,262,2021-02-19,T,17900,1993-03-27
895,-704,2018-05-17,F,3700,2011-02-28
896,-800,2010-05-25,F,32600,2008-09-30
896,-593,2007-08-12,F,9200,1989-10-26
896,1314,2022-09-28,,18300,2005-07-13
896,369,2007-05-24,,3000,1996-07-04
896,-855,1981-09-10,,,1979-06-09
896,1753,2000-03-09,F,28800,1992-01-11
896,-585,2025-07-07,F,26100,2016-12-31
896,178,2021-11-12,F,18300,1980-04-19
896,-345,2002-03-24,,28700,1979-06-09
896,558,1999-04-21,F,28300,1977-11-12
896,-662,2009-10-28,,8400,1997-07-29
896,-617,1996-07-31,F,22200,1978-05-09
896,560,2018-04-07,F,11600,2010-02-04
896,-666,2024-11-12,F,19000,2004-01-10
896,-1640,2022-05-26,,32600,2021-06-04
896,1715,2001-08-09,,20900,1980-08-07
896,1836,2017-03-19,F,17800,1989-10-26
896,1637,2016-12-31,,20800,1993-04-15
896,-392,2022-07-30,F,2400,2006-03-15
896,1617,2010-02-22,F,27600,1996-11-17
896,1256,1989-08-24,F,,1979-03-08
896,-1103,2017-10-30,,17800,2016-12-21
896,-455,1994-11-02,,20800,1980-06-16
896,897,2023-05-12,,0,2019-01-22
897,1821,2007-03-02,T,5300,1961-08-31
897,-880,1965-12-19,T,16000,1960-10-08
898,281,1961-10-18,,,1953-01-13
898,1557,2007-03-21,,,1986-01-07
898,-558,1997-05-29,,,1976-06-04
898,1295,1989-12-14,F,6900,1987-03-25
898,-1206,2011-11-05,F,,1994-05-13
898,-1271,2011-01-08,T,29900,1981-03-02
898,17,2003-06-10,,6900,1972-03-31
898,570,2005-12-02,F,6900,2005-03-30
898,-877,1999-05-26,F,,1981-05-24
898,-893,2025-07-25,,,1992-01-15
898,-619,1999-12-15,F,,1968-06-19
898,-1978,1974-12-12,F,6900,1951-01-07
898,-1622,2006-10-11,T,,1983-01-02
898,-1633,2021-04-17,,6900,1986-10-28
898,1666,2011-03-14,F,29900,1994-03-12
898,937,2019-09-29,T,29900,1998-05-27
898,-1221,1967-06-01,,,1964-08-25
898,1055,1997-11-08,,6900,1964-06-03
899,-1756,1945-09-24,T,7300,1940-09-19
899,978,1938-07-26,T,9400,1914-09-03
899,-945,1934-08-09,T,28200,1929-12-22
899,-869,1943-12-25,F,14800,1925-10-31
899,-1593,1961-06-28,F,30300,1950-05-26
899,648,1952-12-13,F,20200,1950-06-23
899,1752,1961-07-19,T,17400,1933-10-08
899,1483,1954-05-11,T,5600,1938-05-24
902,491,2007-03-03,T,20000,1995-04-07
903,-920,1958-08-07,T,6200,1948-04-23
903,-901,1924-03-23,T,26000,1913-03-18
903,553,2008-03-15,,17900,1942-07-30
903,-338,2025-10-08,T,6200,1999-11-09
904,119,2007-04-26,F,17700,1988-05-29
904,-1537,2017-03-08,,18900,1956-12-07
904,849,1977-05-25,F,2600,1960-05-14
904,-586,2014-04-23,,5000,2012-04-27
905,1507,2024-01-09,F,13500,2019-06-22
905,-1026,2023-09-22,,11800,2022-03-11
905,1314,2025-06-02,T,22300,2017-07-26
906,1976,2016-03-25,,15300,1997-09-06
906,-458,2023-11-26,T,5100,2004-08-18
906,676,2019-01-13,T,31600,2009-04-15
910,-1064,2023-08-22,T,22000,2018-04-29
910,1616,2026-05-06,T,20600,2018-06-09
910,-1074,2024-02-22,T,20100,2017-10-13
910,1196,2025-01-01,,18500,2021-04-17
910,263,2026-05-08,T,22200,2018-07-08
910,573,2019-12-20,T,6400,2017-05-13
910,193,2026-07-07,,900,2026-06-14
910,1615,2018-05-18,T,9900,2017-08-17
910,-153,2025-05-15,,32700,2019-06-02
910,1470,2026-04-11,T,28000,2025-11-21
911,1619,2025-12-23,F,11100,2025-03-29
911,-977,2026-07-23,T,14000,2023-02-16
912,-1872,1990-01-24,,8600,1942-10-28
913,-1761,1996-03-21,,8400,1991-07-12
913,1237,2021-02-13,T,8300,2001-08-16
913,-1641,1999-12-09,,20200,1991-03-12
913,-810,2019-12-26,,18700,2001-04-11
913,-40,2018-03-14,,29600,2010-09-09
913,74,2014-05-02,,26600,1996-10-11
913,-1368,2023-01-05,T,20000,1998-11-24
913,1646,2016-10-06,,26800,2012-03-31
913,-1532,2024-07-22,T,26500,2012-09-18
913,1506,2017-05-11,,18700,1995-11-30
913,-1582,2014-02-03,T,20200,2008-05-30
913,-1871,2003-07-05,,6100,1985-09-12
913,-1341,2026-03-16,T,8300,2022-09-18
913,1355,2019-11-28,T,8300,2011-02-05
914,521,2021-01-05,,2100,2006-01-04
914,453,2025-08-21,T,16800,2022-05-03
914,879,2005-06-27,,16800,2001-10-03
914,1613,2008-05-19,T,7100,2006-07-27
914,1201,2022-02-22,T,19300,2011-08-12
914,1087,2004-07-20,,29900,1991-12-05
914,-112,2020-10-03,,10600,2006-12-29
916,-1369,2023-11-08,F,4900,1990-11-13
916,404,1972-12-12,F,5800,1972-05-17
916,692,2014-11-12,T,27200,2005-09-01
916,-1068,1989-09-01,F,21700,1982-12-09
918,-1268,1997-11-11,F,17300,1968-12-25
918,1560,2024-02-24,,28200,1978-08-30
918,1306,2004-02-06,F,31600,2001-08-10
918,1919,1987-10-02,F,5700,1973-08-19
918,-964,2011-11-24,F,17100,1994-06-09
918,1012,2020-12-14,,26400,1989-07-04
918,1198,2024-01-01,,23300,2022-01-22
919,-219,1999-09-17,T,21500,1969-07-12
919,-723,2000-12-21,F,16100,1989-02-14
920,765,2017-06-17,F,22000,1974-02-17
920,-1446,2015-04-13,F,29700,1997-06-10
920,914,1987-05-06,,28300,1978-05-31
920,-1268,2009-12-30,,16800,2006-05-19
921,,1988-10-27,,15500,1982-05-01
921,662,2003-07-29,F,19600,1971-11-18
921,-1601,1991-09-17,T,28600,1979-12-08
921,218,2011-12-05,,7300,1996-06-29
921,1399,2006-05-15,,28600,1975-02-01
922,372,2008-02-02,T,20400,1983-12-29
923,1499,2020-07-22,T,14200,2013-04-20
923,-922,2021-10-09,,15000,2015-12-22
923,-1181,2020-03-07,,23200,2010-08-27
923,449,2017-01-15,,19200,2012-08-14
923,-380,2015-08-20,T,32300,2015-07-03
923,-760,2015-03-04,,24900,2014-04-10
923,-528,2013-03-05,,30300,2011-07-26
924,-1405,1982-12-26,F,31600,1968-04-30
924,-1055,2004-12-11,,5100,1982-10-20
924,833,2005-06-22,,15000,1967-10-06
924,962,2009-03-01,T,20800,1971-12-03
924,-837,2003-04-18,F,17200,1973-05-03
924,-946,2003-08-30,T,5800,1976-01-15
924,-1662,2020-07-23,,6000,2018-02-27
925,-1369,2006-05-14,T,7500,1981-01-27
925,-1194,2026-06-14,T,27300,2023-02-12
925,499,2023-01-04,,9000,2007-05-02
926,-1941,2014-03-14,F,3100,2006-11-23
926,785,2015-09-13,,12800,1996-12-18
927,-726,2010-05-14,,12900,1983-07-17
927,916,2023-04-07,,4300,1985-09-08
928,220,1989-09-04,T,26800,1979-04-30
928,777,2025-08-05,T,18100,2023-08-30
928,1201,2022-06-06,,11100,2007-03-24
928,-390,2023-02-19,,11000,1992-01-04
928,1539,1996-08-21,T,25200,1996-02-02
928,-1458,2017-11-20,T,12100,2014-02-22
928,-1695,2016-03-31,T,13200,1982-06-30
928,925,1994-11-09,,7400,1989-02-15
928,1382,1997-09-25,T,17100,1988-03-03
928,-676,2009-07-19,T,8200,1994-11-07
928,-1864,1998-07-08,T,20300,1995-02-17
928,1700,2004-12-11,,17100,1986-10-28
928,750,2021-10-24,,26800,1997-02-20
928,-1659,2006-06-03,T,29100,1989-08-13
928,816,2020-12-30,T,100,1999-12-29
928,-192,2001-10-21,,6100,2000-07-02
928,-943,2018-06-08,T,18800,1979-10-14
928,-387,2021-12-16,T,13300,1981-11-06
928,-1370,2024-09-06,T,1400,1993-04-03
929,-1740,2022-09-24,,29400,1974-11-24
929,1800,2015-12-21,F,6500,1989-05-17
930,-513,2010-03-18,F,11600,1987-07-24
931,-703,2026-03-08,T,9800,2023-10-28
932,1257,1984-01-09,,3500,1968-09-22
932,509,2016-07-25,T,2600,1983-06-13
932,671,2016-10-18,T,3700,1991-05-16
932,-260,2023-10-25,T,7200,1990-02-02
933,-1538,1990-04-09,,8100,1978-01-17
933,1440,2024-11-19,,2800,2001-08-26
933,-1016,2016-01-22,T,8600,1986-05-19
933,-212,1995-04-11,T,32500,1978-06-09
933,-405,1997-10-22,,17500,1968-07-03
933,768,2020-10-06,,25800,2001-04-17
933,-1963,2022-11-22,,30800,1996-01-29
933,188,1998-07-15,T,17200,1973-08-24
934,1645,2024-07-15,,18800,2016-05-05
934,-1844,2013-01-23,F,18800,2011-07-15
935,1953,2015-06-30,F,26300,2010-04-10
935,-1697,2021-04-10,F,6100,2002-01-15
935,1842,2016-08-24,,6500,1952-05-09
935,-1460,1968-02-26,F,3700,1954-07-31
936,805,1996-08-29,,5200,1991-12-07
936,1280,2025-09-01,F,18200,2024-06-17
936,-315,2002-09-18,F,29400,1997-10-05
936,1499,2014-03-15,F,31100,2004-09-16
936,-865,2015-03-23,F,22600,2008-07-28
939,1213,2017-09-03,T,13600,1986-05-04
939,-1028,2000-05-27,F,32600,1954-03-01
939,393,1968-12-23,,26200,1960-08-31
941,269,2019-04-09,T,25600,2013-01-29
941,-999,2014-08-20,T,24500,2009-08-03
941,1710,2025-11-18,,3000,2022-03-17
941,1112,2025-07-11,T,12600,2012-02-27
941,-1521,2024-08-29,T,6000,2022-03-22
942,-241,2005-10-02,T,11900,1992-10-08
942,43,2002-04-02,T,3200,2000-05-07
942,-1791,2000-01-06,T,13700,1972-07-24
942,-777,1974-05-06,,31900,1943-11-20
942,1033,1995-01-12,T,20900,1980-10-20
942,447,2019-09-03,,28000,1962-08-18
942,-992,2009-12-17,,25700,1991-09-07
942,-1856,2026-02-04,,20900,1993-05-13
942,-314,1998-11-25,T,12600,1933-09-24
942,-752,2011-02-28,T,2400,1944-06-24
942,793,2015-11-28,T,10400,1985-04-25
942,-1471,2021-11-28,,15700,1973-07-06
942,-1368,1997-02-20,T,15500,1958-04-23
944,-1676,1988-04-20,F,26200,1977-07-05
944,-829,2016-12-18,,11500,1975-03-06
944,-687,2015-04-13,T,26600,1989-12-16
944,663,2024-04-20,T,13700,1987-09-18
944,-702,1998-10-25,,13300,1973-12-21
945,759,2009-12-31,,23600,2003-11-03
946,-766,2024-03-23,T,6900,2015-10-12
946,1793,1953-07-12,,6900,1952-09-11
946,-616,1966-05-18,T,,1927-06-12
946,-386,1967-12-06,F,29900,1963-11-14
946,933,1983-10-01,F,,1939-07-27
947,-136,2019-04-25,,20700,2018-12-28
947,1545,2025-12-18,F,32400,2021-10-06
948,-950,2023-07-08,,7300,2016-09-30
948,10,2025-01-20,F,4100,2014-08-29
948,1223,2014-12-01,F,28200,2014-03-16
948,-763,2025-01-22,,18100,2018-06-10
948,-1856,2021-07-11,F,21100,2015-04-20
949,-1228,2026-01-04,,29700,2021-11-29
949,534,2024-09-08,,23900,2020-12-19
949,1995,2024-04-12,F,28600,2019-10-09
949,-472,2024-07-15,T,19200,2020-05-30
949,1112,2024-06-28,F,8900,2022-07-03
949,636,2024-03-08,,29700,2020-12-15
949,928,2025-01-13,F,23900,2022-05-06
949,534,2020-02-26,,8900,2020-02-03
949,-1958,2024-09-07,F,31600,2023-02-16
950,1853,1999-04-09,T,9300,1968-02-25
950,1739,2006-03-27,,22500,1944-08-24
950,-1930,1999-07-03,F,13400,1973-01-11
950,474,2003-11-21,,6200,1960-07-04
950,1122,2010-06-03,,25800,1993-08-30
950,989,2000-07-19,T,5800,1998-11-17
950,-1513,1980-07-19,F,20800,1964-10-29
950,-918,1978-11-18,F,2100,1929-12-09
950,-478,1972-01-12,T,27400,1953-09-20
951,-1815,1920-07-13,F,5500,1918-03-25
951,-1439,1923-06-09,,16500,1917-10-24
951,671,1923-09-25,F,8700,1913-02-19
951,1145,1939-10-26,F,12600,1923-04-17
952,-1670,1990-03-17,F,,1953-05-23
952,-487,1982-02-22,T,16800,1964-03-21
952,455,2015-10-03,T,27500,1964-12-20
952,618,2011-06-17,T,7900,1998-08-20
952,-138,2015-11-09,F,25400,1998-08-16
952,1821,2019-03-12,T,7000,1964-10-07
952,318,1969-01-15,,31900,1953-11-15
952,1454,2026-01-13,,23600,1994-05-01
954,-1740,1970-06-24,T,31600,1951-03-20
954,-1371,1981-03-08,,7900,1968-01-30
954,-1269,1979-02-11,,8200,1916-01-07
954,-831,1979-08-18,,25900,1950-10-22
955,-48,1961-06-28,T,5800,1938-08-25
955,-1665,1963-08-21,F,31100,1960-05-21
955,1120,1976-02-06,F,16300,1940-05-13
955,-1152,1961-12-01,F,17200,1947-04-28
956,-1589,2015-10-16,,8600,2000-01-13
956,518,2022-02-12,F,7900,2008-01-01
956,764,2024-06-21,F,30800,2016-08-30
956,-1320,2025-03-12,,12200,2019-11-04
956,-330,2013-03-31,T,12400,2003-01-24
956,1873,2024-05-14,T,22600,2000-12-09
956,283,2023-01-20,,23300,1999-06-29
957,-1144,2025-03-16,T,,2022-12-04
958,230,2013-12-31,,5200,1996-07-25
958,1325,2021-09-07,F,32600,2017-12-22
958,994,2014-07-06,,3100,2012-02-29
959,-1157,2017-05-22,F,6900,2007-06-11
959,-739,2020-08-06,T,6900,2014-02-25
959,298,2017-03-09,F,,2008-02-09
959,1970,2023-08-06,F,6900,2013-03-06
959,124,2017-08-11,F,,2007-02-21
960,394,2015-04-11,F,20600,2005-12-25
961,5,1985-05-10,T,31100,1927-08-10
961,721,2023-09-17,,14100,1993-01-01
961,12,2019-07-30,F,5700,1928-10-27
961,471,1999-12-21,F,8800,1944-11-07
961,-1028,1995-10-30,T,14100,1994-09-25
961,-1195,2020-02-02,,17100,1985-10-10
961,-1477,2021-08-13,T,22400,1905-04-23
962,1261,2018-05-06,T,800,1989-02-15
962,-1722,2025-10-23,,8000,2006-02-19
962,-250,2026-04-26,T,23200,1999-09-16
962,-387,1999-02-24,T,12700,1951-11-13
962,777,2026-03-24,,9500,1973-01-15
962,-783,2005-06-12,,4900,1948-11-28
962,1988,2009-09-20,T,29300,2001-08-25
963,-750,2023-12-05,F,16800,2013-03-22
963,200,2020-04-15,T,11400,2014-06-25
963,-826,2019-06-06,F,23200,2017-01-11
963,458,2019-01-12,F,28900,2014-04-15
963,-1807,2025-05-26,T,17300,2013-12-04
963,-1211,2021-04-26,T,2600,2014-10-10
963,-1845,2014-07-09,,3100,2010-05-05
963,1090,2023-01-20,F,31000,2020-05-11
963,771,2013-07-17,F,2700,2010-12-31
963,-204,2020-06-02,,30700,2011-04-23
963,167,2023-07-20,F,28900,2015-12-01
963,-1154,2023-09-06,,16300,2010-06-16
963,355,2017-07-04,T,11400,2017-04-20
964,-1316,1991-08-18,,21500,1961-03-13
964,-1634,1993-10-12,T,3200,1953-10-28
964,-1433,1985-12-21,T,600,1985-12-15
964,717,1990-11-30,,3500,1950-01-31
965,-1704,1956-05-18,,7800,1949-03-28
965,1398,1964-08-24,,12700,1945-12-31
965,-408,1957-01-28,T,19600,1947-05-15
966,599,1992-05-20,T,12100,1983-09-21
966,452,1961-02-17,F,14200,1954-02-06
967,481,2021-05-28,,13700,2008-09-09
967,-795,2017-10-05,T,28400,2015-04-30
968,1014,2019-11-15,,2600,2013-03-17
968,-410,1977-04-30,,27300,1964-04-19
968,1213,1964-12-20,,25300,1943-09-08
970,-996,2016-10-19,,22800,1977-03-29
970,-1214,2025-01-30,F,19400,1964-06-06
970,-545,2022-12-14,,12600,1997-04-19
970,-496,1975-06-05,F,26200,1969-04-22
971,926,1977-06-17,T,12000,1966-04-03
971,1171,1999-02-13,F,5300,1969-05-26
971,1240,2025-09-04,F,3000,1980-10-09
971,-1857,2010-05-31,T,16400,1959-01-22
971,-824,1995-07-12,F,20200,1991-03-18
971,912,1975-07-02,T,16400,1970-05-02
971,1591,1985-10-30,,32100,1975-10-16
972,317,1991-03-21,,16800,1968-04-08
972,-932,2002-10-16,,20200,1944-10-12
972,797,2000-08-31,T,12900,1988-12-12
972,1656,1987-02-15,,13000,1959-08-14
972,-1607,2005-08-18,T,14100,1924-08-31
972,768,2012-02-08,,24500,1919-10-28
972,1030,1986-12-27,,10600,1956-10-31
972,1674,1996-06-21,T,6600,1952-09-12
972,-1047,2014-07-30,,15700,1938-01-21
972,1383,1925-12-16,,11900,1923-03-29
972,1703,1990-02-19,,1200,1939-01-04
972,1746,1956-06-26,T,21600,1930-06-02
972,-1027,2025-07-21,T,10400,1926-04-29
973,1568,2026-07-24,T,600,2026-06-07
973,-1976,2026-05-03,,15000,2026-04-13
974,1246,2012-08-10,T,6900,1974-06-05
975,371,1984-04-09,F,17100,1970-07-11
977,1358,2024-03-20,,27700,2017-10-15
977,-1754,2018-04-07,,4100,2006-11-25
977,-308,2026-04-20,,20300,2018-08-22
978,164,2011-08-19,,7100,1947-08-30
978,-771,1988-09-27,T,9300,1941-12-01
978,1488,2006-10-24,,8400,1961-08-14
979,-1360,2025-11-24,T,5800,2020-09-21
979,-1415,2022-06-08,,4900,2021-02-19
979,-1001,2019-11-28,F,29000,2019-07-27
979,1174,2019-03-17,F,26200,2015-09-14
979,416,2024-04-18,T,8600,2021-06-27
979,1245,2020-12-10,F,400,2015-09-04
981,914,1965-05-10,T,1200,1965-03-31
981,888,2022-01-21,T,22300,1929-03-26
982,1286,2012-05-31,F,13300,1982-02-19
982,1201,2022-03-21,F,11400,1964-08-05
982,-1638,2004-03-12,,1400,1968-09-08
983,-1003,2003-06-04,,29700,1997-01-21
986,-695,2020-01-20,,20900,1990-07-15
986,-1259,2003-01-08,,30900,1997-06-05
986,-1211,2019-08-18,,27700,1991-01-15
988,200,2006-11-06,,14300,1993-01-08
988,1485,1992-04-01,,10000,1979-02-17
988,-508,2001-11-20,,16800,1967-08-16
988,1647,2016-09-13,,,2000-04-16
988,1708,1996-04-23,,2600,1990-03-20
988,1271,2016-05-18,,16800,1973-12-22
988,1826,2017-03-31,,25500,2002-09-03
988,1419,2002-11-07,,12600,1987-03-17
989,-1429,2005-10-03,,19300,2004-09-20
989,-639,1999-01-21,,5900,1995-11-05
989,1722,2018-06-19,,25500,2011-08-09
989,-1241,2022-12-06,F,1100,1991-04-02
989,684,2018-11-14,F,31600,1967-12-11
990,-580,2006-11-20,,32700,1980-10-05
990,-1090,2002-04-07,,32700,1988-07-24
990,1351,1995-04-23,T,6900,1983-09-16
990,-631,2018-02-09,T,14500,2013-09-14
990,1267,2015-10-21,,19900,1980-11-13
990,979,1998-08-16,,28700,1985-08-29
990,-434,2006-07-10,,15100,1989-08-28
990,222,2026-05-22,,11800,2017-08-09
990,1691,2005-04-10,T,28700,1996-05-25
990,-1328,1992-10-06,T,19700,1981-11-22
990,-844,2004-09-08,,28700,1996-06-07
990,-1782,2011-10-08,T,29700,1987-02-27
990,-1317,2021-08-18,T,10500,2017-03-16
990,-1577,2014-03-15,T,18200,1995-03-11
990,801,1987-04-16,T,9900,1980-05-08
990,965,2024-08-26,,26400,2002-01-23
990,1341,1982-02-06,,27900,1980-05-23
991,-752,2026-01-24,T,16000,2025-07-10
991,-1616,2025-07-10,T,100,2024-10-05
991,676,2025-06-30,,24400,2025-05-29
991,1753,2026-03-13,T,22400,2024-11-30
992,423,2020-08-21,F,13200,1967-02-22
992,-1683,2001-12-04,F,4800,1966-04-24
992,-1473,2026-01-30,F,30800,1985-04-07
992,-1886,2019-12-12,F,30800,1975-07-12
992,-1325,2001-05-11,F,31600,1975-08-11
992,-1715,1987-07-11,,25700,1981-07-10
992,-842,1991-06-01,F,31600,1971-04-22
992,1923,2021-09-09,F,3200,1997-01-21
992,1163,2026-08-09,F,12200,1976-04-10
992,-571,2019-06-28,,16900,1977-07-30
993,-1660,2004-11-26,F,22500,1995-07-30
993,1620,2019-01-30,,9400,1975-04-19
994,542,2007-06-02,T,14200,2007-01-01
994,333,2013-05-20,,14300,1974-10-27
994,-1104,2022-01-17,F,,2006-12-13
995,-1364,2022-10-31,F,22900,1970-07-13
995,-1431,1999-08-20,F,30900,1999-01-05
995,1021,2024-05-02,,7600,2008-01-23
995,1454,2025-06-20,F,22400,1982-01-31
995,-1756,1990-06-06,,22700,1974-11-17
995,-909,2022-01-18,,14700,1982-12-29
996,1185,2020-05-05,T,15300,2020-04-03
996,-1616,2019-04-16,T,3200,2011-02-18
996,-1381,2024-10-24,T,15800,2006-11-13
996,1206,2025-12-19,T,12600,2017-12-14
996,44,2025-03-25,,32100,2017-09-22
997,-487,1998-07-31,T,2500,1962-03-24
997,1828,1989-11-26,,20600,1968-03-09
998,1918,2004-07-20,,23000,1993-09-18
998,-1564,1993-01-25,F,5400,1984-06-21
998,1663,1980-08-18,F,7300,1977-08-01
998,229,2011-04-15,T,15900,1978-02-07
998,-1742,1997-09-02,,9200,1980-10-21
998,-108,2003-02-18,F,4200,2000-06-29
998,812,1996-07-24,T,6400,1993-09-25
998,-1556,2018-01-17,T,17300,1981-10-04
998,1819,2022-12-10,,7600,1969-07-14
998,243,2016-06-18,T,4100,1972-09-18
998,-1828,2015-01-03,F,23600,1998-01-19
998,822,2025-09-16,F,26800,2024-01-10
998,-1400,2011-05-24,F,31000,2011-04-13
998,509,2017-12-10,F,2100,1983-09-28
998,-74,2006-01-16,T,28000,1974-04-24
998,1692,2011-07-18,,25600,1977-04-22
998,-1068,2001-06-11,F,900,1970-08-30
998,594,2017-02-03,F,18800,1969-05-02
998,151,1987-04-08,,32500,1974-05-11
998,1802,2024-03-03,T,32400,1968-10-08
999,-1748,2025-03-25,F,32600,1997-03-10
999,214,1991-05-14,T,13700,1973-10-20
